scheme,group,lead,mean_physics_share_old,mean_rmse_share_old,mean_physics_abs_svr_old,mean_rmse_abs_svr_old,mean_physics_share_new,mean_rmse_share_new,mean_physics_abs_svr_new,mean_rmse_abs_svr_new,standard_share,standard_svr,balance_share,balance_svr,conservation_share,conservation_svr,spectral_share,spectral_svr,extremes_share,extremes_svr,perturbation_share,perturbation_svr,legacy_mean_physics_share,legacy_mean_physics_abs_svr
W4,embed,24,0.1665796809305596,0.2029594231978876,0.9122705495469636,0.6115085968533193,0.3747744457293054,0.2029594231978876,1.8966829774370937,0.6115085968533193,0.2029594231978876,0.6115085968533193,0.1915440844346841,0.6919160210958312,0.5580048070239267,3.101449933778356,0.1772280609120252,0.4443200985377181,-0.4445559545158471,0.377257820155221,0.0606071450667112,,0.1665796809305596,0.9122705495469636
W4,b0-5_attn,24,-0.0138803875926123,0.0101147634445861,0.0342766090558001,0.0316333268439205,0.0093585624285565,0.0101147634445861,0.0386650565852905,0.0316333268439205,0.0101147634445861,0.0316333268439205,0.0030370270872207,0.0278492414318048,0.0156800977698923,0.0494808717387763,-0.0506052686781767,0.058920161371473,-0.0595688631424713,0.0139079307264597,0.0013639397821608,,-0.0138803875926123,0.0342766090558001
W4,b0-5_mlp,24,0.0061105480492621,0.0156048412457831,0.0440166239582066,0.0470892421666074,0.0027645460137035,0.0156048412457831,0.0382172133087915,0.0470892421666074,0.0156048412457831,0.0470892421666074,0.0061443341222547,0.0378058331247962,-0.0006152420948477,0.0386285934927868,0.0436805787729353,0.0563692270652564,-0.1010363274126732,0.0443115451714249,0.0030429408754198,,0.0061105480492621,0.0440166239582066
W4,b6-11_attn,24,-0.0057377875485774,0.1064716941690388,0.1072055464719132,0.320940013497735,0.01057771474339,0.1064716941690388,0.1030226720813073,0.320940013497735,0.1064716941690388,0.320940013497735,0.0166988867681251,0.0712858774173594,0.0044565427186548,0.1347594667452552,-0.0037203141705334,0.1397872547713311,-0.1580963598887592,0.0585004418761695,0.0150516999414274,,-0.0057377875485774,0.1072055464719132
W4,b6-11_mlp,24,-0.0337384619291062,0.044316909000679,0.0667566513447441,0.1363661660678735,0.0121553814548882,0.044316909000679,0.03832895772822,0.1363661660678735,0.044316909000679,0.1363661660678735,0.0076072505204608,0.025486278370072,0.0167035123893157,0.0511716370863679,-0.0960084852996241,0.0995868419922315,-0.0956310890098184,0.0801412556807268,0.0075904952945332,,-0.0337384619291062,0.0667566513447441
W4,b12-17_attn,24,-0.0031516492511435,0.0292068948868123,0.0614921861974968,0.0884032360512222,-0.0156207160383258,0.0292068948868123,0.0454706428008275,0.0884032360512222,0.0292068948868123,0.0884032360512222,0.0064925824216968,0.0520969456797373,-0.0377340144983484,0.0388443399219176,0.0416482001492837,0.1003019187285024,-0.1041390203670948,0.0594787537041086,0.0058882175859909,,-0.0031516492511435,0.0614921861974968
W4,b12-17_mlp,24,0.0018404933728415,0.046778608401706,0.0455414522289651,0.1364183754175836,0.019189628030002,0.046778608401706,0.0366904262324035,0.1364183754175836,0.046778608401706,0.1364183754175836,0.0144823575260784,0.0423914064601365,0.0238968985339257,0.0309894460046706,-0.0030132763068693,0.0716091191763511,-0.0543627275445593,0.0288466096804167,0.0100574277405417,,0.0018404933728415,0.0455414522289651
W4,b18-23_attn,24,-0.0056027817259735,0.0608479296014095,0.1315535755972473,0.1792595737690304,0.0372812400871257,0.0608479296014095,0.130128221762583,0.1792595737690304,0.0608479296014095,0.1792595737690304,0.042780244657747,0.0933435137459535,0.0317822355165045,0.1669129297792125,-0.0785802146535219,0.1163087290765035,-0.0636889516045432,0.140839184899161,0.0667838334327409,,-0.0056027817259735,0.1315535755972473
W4,b18-23_mlp,24,0.215047636274412,0.1711515181190825,1.66793799406963,0.4938606354560969,0.128806430692152,0.1711515181190825,4.468896898823491,0.4938606354560969,0.1711515181190825,0.4938606354560969,0.1021700751795978,0.3631288665943397,0.1554427862047062,8.574664931052643,0.4665981751745524,0.5073342907368623,-0.1412593920060026,0.1643964100745987,0.2160481611197354,,0.215047636274412,1.66793799406963
W4,adaln,24,0.0114213396307525,0.0112695953081876,0.4273506614239251,0.1020096028955294,0.0555798011809036,0.0112695953081876,0.4793082433303631,0.1020096028955294,0.0112695953081876,0.1020096028955294,0.1084605531824552,0.7692379945439951,0.0026990491793519,0.1893784921167311,-0.146112795224245,0.5779732786066286,-0.0469242631861876,0.280903071417622,0.0373155271070347,,0.0114213396307525,0.4273506614239251
W4,head,24,0.2594979610783577,0.2332937745781495,1.7364610893230246,0.7162495159757772,0.3111204118049899,0.2332937745781495,4.7197217380193965,0.7162495159757772,0.2332937745781495,0.7162495159757772,0.4574947482448908,2.8592868172179027,0.1647460753650891,6.580156658820891,0.1634577710691564,0.392372863136656,0.0713533670708065,0.1229132341586444,0.4390074615216207,,0.2594979610783577,1.7364610893230246
W4,embed,72,0.3051305944149668,0.1312842015666138,1.2200600602398166,0.348145107912554,1.8106965396819648,0.1312842015666138,2.4620804355446677,0.348145107912554,0.1312842015666138,0.348145107912554,0.1381773331018369,1.2236070085354205,3.4832157462620934,3.700553862553914,0.0319483527634027,0.5612400525439656,-0.122666835521807,0.3451021426781304,0.050251487670701,,0.3051305944149668,1.2200600602398166
W4,b0-5_attn,72,-0.0037774330339572,0.0113326870753402,0.0316276689029856,0.0268529111156441,0.0159395263658234,0.0113326870753402,0.0424252279616572,0.0268529111156441,0.0113326870753402,0.0268529111156441,0.0011169492304588,0.0336957921999014,0.0307621035011881,0.0511546637234129,-0.0486509463172805,0.0504456035498059,0.030646688048357,0.0127447013384642,0.0011327343800627,,-0.0037774330339572,0.0316276689029856
W4,b0-5_mlp,72,0.0029418598195758,0.0103109773549307,0.0470662093957657,0.0288510985707847,-0.0344195151160363,0.0103109773549307,0.0829410481678915,0.0288510985707847,0.0103109773549307,0.0288510985707847,0.0052195462814492,0.0742776316990243,-0.0740585765135218,0.0916044646367586,0.014455203094038,0.0224135507983315,-0.0135526717626762,0.0219765018841262,0.0020716480760266,,0.0029418598195758,0.0470662093957657
W4,b6-11_attn,72,0.0137102393066555,0.1528131669150247,0.1110534009078722,0.3666551353647722,0.0406717109005989,0.1528131669150247,0.170274059117064,0.3666551353647722,0.1528131669150247,0.3666551353647722,0.01568046128295,0.1435390693684788,0.0656629605182479,0.1970090488656492,0.003072601194284,0.0743417692286956,-0.0128023496467154,0.048793127277887,0.0114835009451489,,0.0137102393066555,0.1110534009078722
W4,b6-11_mlp,72,-0.0066698588908727,0.0583681110538238,0.0850137260456563,0.143749607450738,0.0332715120746949,0.0583681110538238,0.0872832491957514,0.143749607450738,0.0583681110538238,0.143749607450738,0.0110526123700478,0.0759792770554524,0.0554904117793419,0.0985872213360504,-0.0274163026842704,0.0669623402730166,-0.0738166353063688,0.1217657358412348,0.005423538813433,,-0.0066698588908727,0.0850137260456563
W4,b12-17_attn,72,0.0141069547168011,0.0310752097530247,0.0715150001638699,0.0784865462864205,-0.0031875071439455,0.0310752097530247,0.0740431587889059,0.0784865462864205,0.0310752097530247,0.0784865462864205,0.0048096093062704,0.1129853016691714,-0.0111846235941615,0.0351010159086404,0.0781868444556075,0.1036187711186679,-0.0662019336180123,0.0421815058082906,0.0049677557403871,,0.0141069547168011,0.0715150001638699
W4,b12-17_mlp,72,-0.0163340129643672,0.0342287756260199,0.0972064099919289,0.0869792650743651,-0.0966954906417591,0.0342287756260199,0.0989133658684073,0.0869792650743651,0.0342287756260199,0.0869792650743651,0.0147325192370655,0.1195226997766679,-0.2081235005205839,0.0783040319601466,-0.0062273658771687,0.1361625770183851,-0.0056658351196272,0.047768231697389,0.0072766287222442,,-0.0163340129643672,0.0972064099919289
W4,b18-23_attn,72,0.042440317465473,0.0571962514705392,0.2014827155042155,0.1436635554398153,0.0842160065651627,0.0571962514705392,0.2508419039522863,0.1436635554398153,0.0571962514705392,0.1436635554398153,0.0419662601841717,0.2480550325044514,0.1264657529461537,0.2536287754001213,0.0086082850744572,0.1033947773307636,0.0634811367255956,0.1124140419082478,0.0562541820504566,,0.042440317465473,0.2014827155042155
W4,b18-23_mlp,72,0.250862692553834,0.2000251457242114,2.7267761571285303,0.5327431763419853,0.1709439849865128,0.2000251457242114,7.212811006946827,0.5327431763419853,0.2000251457242114,0.5327431763419853,0.1483456325927071,1.141224497433007,0.1935423373803185,13.284397516460649,0.2805430968237997,0.4605253068600972,0.2416859122941552,0.269501628294264,0.2697553821238891,,0.250862692553834,2.7267761571285303
W4,adaln,72,0.0441827223354952,0.0188673818013555,0.6798392158722475,0.0612798113081693,0.4366647361350684,0.0188673818013555,1.0442190611443511,0.0612798113081693,0.0188673818013555,0.0612798113081693,0.0990697914480649,1.6651241174990137,0.7742596808220719,0.4233140047896888,-0.1420012836688155,0.7665682182158734,0.1646563400935281,0.2671947824668672,0.0395837419248176,,0.0441827223354952,0.6798392158722475
W4,head,72,0.2695449718870078,0.2532891776385708,2.9767469845607404,0.6233142768864269,0.3172806305853378,0.2532891776385708,7.921974326216633,0.6233142768864269,0.2532891776385708,0.6233142768864269,0.5490386537543276,8.197581768706987,0.0855226074163481,7.646366883726279,-0.0007456116829355,0.3561871071405237,0.1949027992882235,0.220401692435173,0.4282354541367625,,0.2695449718870078,2.9767469845607404
W4,embed,120,0.2484911807307849,0.1464928314672628,1.4764855859178725,0.214196455805867,0.3233998426987499,0.1464928314672628,2.658219074564789,0.214196455805867,0.1464928314672628,0.214196455805867,0.107552550772543,1.5550656022926637,0.5392471346249569,3.7613725468369146,0.4293397229011218,0.5221938483105499,0.1257905068847219,0.6754221307830992,0.0437062207989651,,0.2484911807307849,1.4764855859178725
W4,b0-5_attn,120,-0.0053366247999445,0.0171679488428791,0.0423120936474066,0.0196842986116027,-0.0029652805018047,0.0171679488428791,0.0478842002275451,0.0196842986116027,0.0171679488428791,0.0196842986116027,0.0013894544283146,0.0347089688874677,-0.007320015431924,0.0610594315676225,-0.0161320367199954,0.0653351411237706,-0.0024906910285803,0.0044210017866942,0.0009031854119877,,-0.0053366247999445,0.0423120936474066
W4,b0-5_mlp,120,0.0138414168165558,-0.002783643206732,0.0619572490722834,0.0133334944079756,-0.0002992127777977,-0.002783643206732,0.0986872868415703,0.0133334944079756,-0.002783643206732,0.0133334944079756,0.0034962212462117,0.09741126725136,-0.0040946468018071,0.0999633064317806,0.0130567850188069,0.0239785895166794,0.0699191894588233,0.0365505392603233,0.0016027602637748,,0.0138414168165558,0.0619572490722834
W4,b6-11_attn,120,-0.0140029764167032,0.1563296505462202,0.1175832132983722,0.1982871858116112,0.0075212175046282,0.1563296505462202,0.2046527524025308,0.1982871858116112,0.1563296505462202,0.1982871858116112,0.0147626558819273,0.1985585642994778,0.0002797791273292,0.2107469405055838,-0.0138679572551037,0.0451335318777552,-0.1376515255610707,0.0600005411524754,0.0089482290091876,,-0.0140029764167032,0.1175832132983722
W4,b6-11_mlp,120,-0.0089698822424654,0.0727906141228207,0.1092407081599547,0.0939808037936793,0.0121522413347883,0.0727906141228207,0.1487323379518942,0.0939808037936793,0.0727906141228207,0.0939808037936793,0.0109921057015531,0.1278636514755065,0.0133123769680235,0.1696010244282819,-0.0141084485436399,0.046429205559912,-0.0979276035225301,0.148502954444467,0.004125660232276,,-0.0089698822424654,0.1092407081599547
W4,b12-17_attn,120,-0.0164670761562867,0.0528012961373978,0.0882174715088715,0.0658435844298624,0.0051154222116656,0.0528012961373978,0.1144746497517891,0.0658435844298624,0.0528012961373978,0.0658435844298624,0.0064948851848152,0.1771265519465485,0.0037359592385159,0.0518227475570296,-0.0554279978815135,0.0961245450733529,-0.0209094171243847,0.0424855163787573,0.004330306860412,,-0.0164670761562867,0.0882174715088715
W4,b12-17_mlp,120,0.0566104976739249,0.0281692379329059,0.1461370021348713,0.0475923482776539,-0.0059348820413292,0.0281692379329059,0.1218739050751439,0.0475923482776539,0.0281692379329059,0.0475923482776539,0.0129769980317675,0.1740231504616139,-0.024846762114426,0.0697246596886739,0.1701427235457862,0.203625946521296,0.0476629818805782,0.0961904399560248,0.0064651368068486,,0.0566104976739249,0.1461370021348713
W4,b18-23_attn,120,0.0505625007617928,0.0600367461879059,0.3013117737469308,0.0845726257799675,0.039680328613644,0.0600367461879059,0.4107757891089583,0.0845726257799675,0.0600367461879059,0.0845726257799675,0.0440354257818169,0.4049519209638405,0.0353252314454711,0.416599657254076,0.0521194196331814,0.1134157176153019,0.1709121096154356,0.1239114126922842,0.0526269580123633,,0.0505625007617928,0.3013117737469308
W4,b18-23_mlp,120,0.2298865600667975,0.2089089989133419,3.891465379670368,0.3114413100757179,0.2043675376978563,0.2089089989133419,9.859990085939572,0.3114413100757179,0.2089089989133419,0.3114413100757179,0.1800986751521788,1.95426062497664,0.2286364002435339,17.765719546902506,0.1766586250222357,0.4660432636533633,0.24636207048794,0.5542437923960098,0.3013743638827791,,0.2298865600667975,3.891465379670368
W4,adaln,120,0.1463725295686822,0.0238497241130521,0.7718937569233713,0.0454140354625223,0.111364822495974,0.0238497241130521,1.431041599324042,0.0454140354625223,0.0238497241130521,0.0454140354625223,0.086281235327991,2.3118786434543,0.136448409663957,0.550204555193784,0.5504542647558885,0.6316724970876615,-0.4740575082829477,0.3318956955780225,0.0374824561384302,,0.1463725295686822,0.7718937569233713
W4,head,120,0.3170063206256063,0.2633095867473126,4.556202957581585,0.3466639103118512,0.3728410853745211,0.2633095867473126,11.522489153429838,0.3466639103118512,0.2633095867473126,0.3466639103118512,0.6081718276337237,12.505476740728104,0.1375103431153185,10.53950156613157,0.2624395841422425,0.2656026643878523,-0.065457576144087,0.3193877808229188,0.4292985206849521,,0.3170063206256063,4.556202957581585
W4,embed,168,0.239774041393923,0.138393978013575,1.6934122712423734,0.1812635802106763,0.3109269757754522,0.138393978013575,2.3077218434429563,0.1812635802106763,0.138393978013575,0.1812635802106763,0.0855369206064392,1.8971532471218435,0.5363170309444653,2.718290439764069,0.4185960733238132,0.414086697962728,0.0949808644720774,0.5672751406970623,0.0382140690914277,,0.239774041393923,1.6934122712423734
W4,b0-5_attn,168,-0.0090776679742614,0.0241627566819505,0.058808778492986,0.0253301868411091,0.003045357020149,0.0241627566819505,0.048543071625604,0.0253301868411091,0.0241627566819505,0.0253301868411091,0.0016417315537515,0.0454638948191006,0.0044489824865465,0.0516222484321075,-0.037548722295552,0.0678296573606426,0.0187572838472679,0.0146600094499973,0.000816043109053,,-0.0090776679742614,0.058808778492986
W4,b0-5_mlp,168,0.012943805700236,-0.0205895019623393,0.0807951793505658,0.0218174197161849,0.0022341837138161,-0.0205895019623393,0.0993081279175676,0.0218174197161849,-0.0205895019623393,0.0218174197161849,0.0035728904348685,0.1255324566066155,0.0008954769927637,0.0730837992285198,0.0150124056606955,0.0277004815029589,0.0446804284550502,0.023750163871821,0.0013616490267093,,0.012943805700236,0.0807951793505658
W4,b6-11_attn,168,-0.0093494729484081,0.1014632935749599,0.1195493016463505,0.1235801217441433,0.0096060754538503,0.1014632935749599,0.214028681253143,0.1235801217441433,0.1014632935749599,0.1235801217441433,0.0127168742751884,0.2536021076276396,0.0064952766325122,0.1744552548786465,-0.0091110311787382,0.0391524253477335,-0.0714192417945434,0.0327527767735908,0.0072391540420866,,-0.0093494729484081,0.1195493016463505
W4,b6-11_mlp,168,0.01510503386625,0.0645567270844582,0.1266930688377013,0.081968655134084,0.0102565590087803,0.0645567270844582,0.1690757157203889,0.081968655134084,0.0645567270844582,0.081968655134084,0.0093687382454571,0.186387784104464,0.0111443797721035,0.1517636473363138,-0.0083200107805447,0.0459423889057805,0.1262670268833472,0.1164014299810515,0.0033688147506552,,0.01510503386625,0.1266930688377013
W4,b12-17_attn,168,-0.0147616309568501,0.0444512920748864,0.1040070510823996,0.050575422918932,0.0055185205497498,0.0444512920748864,0.1506492222823511,0.050575422918932,0.0444512920748864,0.050575422918932,0.0072457295876329,0.2396457439150727,0.0037913115118668,0.0616527006496295,-0.0525940658764646,0.0827529806930924,0.0042937118460302,0.004777063187918,0.0038126052006291,,-0.0147616309568501,0.1040070510823996
W4,b12-17_mlp,168,0.0816872408841513,0.0366770579221564,0.1868033162164476,0.0497525454249084,0.0252676258884001,0.0366770579221564,0.1585626510523565,0.0497525454249084,0.0366770579221564,0.0497525454249084,0.0094205519614204,0.2203584756006473,0.0411146998153797,0.0967668265040656,0.213551568255547,0.2272478857964007,0.0881506306155751,0.1041278534437925,0.0060071635286418,,0.0816872408841513,0.1868033162164476
W4,b18-23_attn,168,0.0411429389590034,0.085756563072657,0.4667803790464045,0.1061691582775744,0.0570650568675831,0.085756563072657,0.6319651506957044,0.1061691582775744,0.085756563072657,0.1061691582775744,0.0450288227247842,0.700722636060655,0.0691012910103821,0.5632076653307537,0.0604201831842908,0.1149538002479526,0.0465518197317147,0.0557774910644496,0.0492534646613744,,0.0411429389590034,0.4667803790464045
W4,b18-23_mlp,168,0.1882055344749962,0.2230426112886828,4.226907635003368,0.2998848378310029,0.2172666717436529,0.2230426112886828,8.62301072519242,0.2998848378310029,0.2230426112886828,0.2998848378310029,0.2048730482602739,3.3459502643911185,0.2296602952270319,13.900071185993724,0.1331706810241709,0.470224895642074,-0.1015342467180014,0.4662233275805817,0.3195472475771655,,0.1882055344749962,4.226907635003368
W4,adaln,168,0.1247804897997881,0.0361138883385582,0.9207976012288684,0.0485018147859532,0.1163162799748374,0.0361138883385582,1.7994253091128114,0.0485018147859532,0.0361138883385582,0.0485018147859532,0.0859957392032954,3.101723237483596,0.1466368207463794,0.4971273807420272,0.492143333640729,0.4765269847158026,-0.6070378633015624,0.3299866636098937,0.036701106044662,,0.1247804897997881,0.9207976012288684
W4,head,168,0.3098629408038446,0.2837614696136202,6.0885617969277055,0.3510070231862615,0.4191497968673412,0.2837614696136202,13.497975119354376,0.3510070231862615,0.2837614696136202,0.3510070231862615,0.6446005443206402,17.848167649073602,0.1936990494140422,9.14778258963515,0.253490026156734,0.2615238519300117,-0.267438844122309,0.3349825586159963,0.4248105510223161,,0.3098629408038446,6.0885617969277055
W8,embed,24,0.2296362508861363,0.3325807601897644,0.058417397425041,0.0092296013656783,-0.2383288767115155,0.3325807601897644,0.069679801602893,0.0092296013656783,0.3325807601897644,0.0092296013656783,0.0018567368351957,0.0366835194472594,-0.4785144902582269,0.1026760837585267,0.6408971149231049,0.0732957940222319,-0.1564114831708569,0.026340970326229,0.0884798909242553,,0.2296362508861363,0.058417397425041
W8,b0-5_attn,24,-0.0022927119595662,-0.0345332401005664,0.004614740088014,0.0006856231658426,-0.0776586033013241,-0.0345332401005664,0.0023438368708817,0.0006856231658426,-0.0345332401005664,0.0006856231658426,-0.008490177259112,0.000844980952056,-0.1468270293435362,0.0038426927897074,-0.010283897127729,0.0111735475102322,-0.0069448599947521,0.0011943811720586,0.0045628072818664,,-0.0022927119595662,0.004614740088014
W8,b0-5_mlp,24,0.0366727756741532,0.0575677698083817,0.0082942400475181,0.0010185416268575,0.1191409544885123,0.0575677698083817,0.006827798928503,0.0010185416268575,0.0575677698083817,0.0010185416268575,0.3014662165234328,0.0092250862321507,-0.063184307546408,0.0044305116248553,-0.0455113811041456,0.0122744648929286,0.0134862229166408,0.0031718252588205,0.0059510278072126,,0.0366727756741532,0.0082942400475181
W8,b6-11_attn,24,-0.0689199194086679,-0.0829359166587166,0.0071329633944471,0.0032500223764821,-0.0999461378212809,-0.0829359166587166,0.0032925431815124,0.0032500223764821,-0.0829359166587166,0.0032500223764821,-0.0940400173544531,0.0036171279416114,-0.1058522582881087,0.0029679584214134,-0.0991775182630014,0.0140355035154133,-0.0832759466680731,0.0102865533817477,0.0177997782214354,,-0.0689199194086679,0.0071329633944471
W8,b6-11_mlp,24,-0.0342917537770099,0.166211516071009,0.0057831364250878,0.0035219648089362,-0.0691423049897885,0.166211516071009,0.0075004564341686,0.0035219648089362,0.166211516071009,0.0035219648089362,0.0225917702122906,0.0024108789879048,-0.1608763801918676,0.0125900338804324,-0.0694160435080468,0.0071173541111431,0.0164216169732548,0.0040587680792141,0.0105239285653015,,-0.0342917537770099,0.0057831364250878
W8,b12-17_attn,24,0.0426688681581758,0.0805575548709599,0.008007260315116,0.0024909839113843,-0.0784276444545733,0.0805575548709599,0.00439513046197,0.0024909839113843,0.0805575548709599,0.0024909839113843,0.0083579999954716,0.0020067254617548,-0.1652132889046183,0.0067835354621851,0.1469925090798712,0.0170004672813338,0.0934736066439471,0.0058972718122041,0.0078982814141384,,0.0426688681581758,0.008007260315116
W8,b12-17_mlp,24,-0.0265149294648261,-0.023500492109808,0.0095637729075981,0.0030269426403005,-0.0777761213399637,-0.023500492109808,0.0101735190170453,0.0030269426403005,-0.023500492109808,0.0030269426403005,-0.4277058085626153,0.0147513118929458,0.2721535658826878,0.0055957261411447,0.0113304557213407,0.0168256662093283,-0.1404006363892556,0.0082532281590159,0.0132781016813708,,-0.0265149294648261,0.0095637729075981
W8,b18-23_attn,24,0.0104792838892937,0.0999143422366164,0.0091358800352369,0.0029538621246503,0.2914874899970682,0.0999143422366164,0.0094804266586786,0.0029538621246503,0.0999143422366164,0.0029538621246503,0.3309357167655146,0.0127648682889556,0.2520392632286218,0.0061959850284015,-0.0429956276413441,0.0104705287305214,-0.4220580649587934,0.01365157823412,0.0643525808048933,,0.0104792838892937,0.0091358800352369
W8,b18-23_mlp,24,0.1583138248714137,0.0672182741396781,0.0455577625387144,0.005320190131131,0.2989755161593809,0.0672182741396781,0.0827082318167435,0.005320190131131,0.0672182741396781,0.005320190131131,-0.4597494884329178,0.0197371893749512,1.0577005207516796,0.1456792742585358,0.0681278449345518,0.0436713423257081,0.2356939841220903,0.0265479269254603,0.2604677770384106,,0.1583138248714137,0.0455577625387144
W8,adaln,24,-0.0013710004653824,-0.0011031830781558,0.0095382602468699,0.0017510254987084,0.12008112834784,-0.0011031830781558,0.0050483810768431,0.0017510254987084,-0.0011031830781558,0.0017510254987084,0.1999494168269577,0.0069694102109986,0.0402128398687223,0.0031273519426875,-0.086111109227041,0.017088778269429,0.0515979788551873,0.0059372742526177,0.0035720310638708,,-0.0013710004653824,0.0095382602468699
W8,head,24,0.3281478429434433,0.3447236688978599,0.0247433082940879,0.0119653907551996,0.5306107866099611,0.3447236688978599,0.0462053528545856,0.0119653907551996,0.3447236688978599,0.0119653907551996,1.346815757021794,0.0417235455629653,-0.2855941838018718,0.0506871601462059,0.2571261485713335,0.0254832447889975,0.1104073110390884,0.0073392164289525,0.4535412094821765,,0.3281478429434433,0.0247433082940879
W8,embed,72,0.3099042123153626,-0.5891671550189134,0.0788207641521987,0.0118565215842026,-0.0585107212509655,-0.5891671550189134,0.1134863348474368,0.0118565215842026,-0.5891671550189134,0.0118565215842026,0.339889226358006,0.0710620679314771,-0.4569106688599371,0.1559106017633965,0.5709142008945448,0.0650345883929397,0.5844548929741026,0.0421981828032636,0.0548951459835529,,0.3099042123153626,0.0788207641521987
W8,b0-5_attn,72,0.0306202545370926,0.018284120038988,0.0040086220043482,0.0008600038640188,-0.0077141176112184,0.018284120038988,0.0029671709952559,0.0008600038640188,0.018284120038988,0.0008600038640188,-0.0064054099302264,0.0023937333414867,-0.0090228252922104,0.0035406086490251,0.0452566810004582,0.0084325941970095,0.0312918758526177,0.0011369263516111,0.0024695637001516,,0.0306202545370926,0.0040086220043482
W8,b0-5_mlp,72,0.0327637744698257,-0.0939360882106883,0.0130653199896077,0.0014530960458267,0.0587533637980837,-0.0939360882106883,0.0129691235867042,0.0014530960458267,-0.0939360882106883,0.0014530960458267,0.140662750628769,0.0162758477024484,-0.0231560230326016,0.0096623994709599,-0.0955657175968954,0.0177240777682993,0.0037904518970721,0.0057653630819075,0.0033094008519022,,0.0327637744698257,0.0130653199896077
W8,b6-11_attn,72,0.0141660923038421,0.0983335541116111,0.0088007767621631,0.0021081722923672,-0.0372410896431787,0.0983335541116111,0.0060126242537829,0.0021081722923672,0.0983335541116111,0.0021081722923672,-0.0698250631743425,0.0070629253127349,-0.0046571161120148,0.0049623231948308,-0.0734702588872456,0.0158838542595846,0.2215541045367344,0.0117328920543951,0.0120589232655239,,0.0141660923038421,0.0088007767621631
W8,b6-11_mlp,72,0.0005244360505959,0.2106199584872305,0.0096005139939922,0.0035500094672863,-0.0217927283198962,0.2106199584872305,0.0122367634831895,0.0035500094672863,0.2106199584872305,0.0035500094672863,-0.0268810695004336,0.005642552362282,-0.0167043871393588,0.0188309746040969,0.0217267671751953,0.0120965701942432,0.0867568489828778,0.0040753793791385,0.0061157870096475,,0.0005244360505959,0.0096005139939922
W8,b12-17_attn,72,0.0250010738227609,0.0394941067129311,0.0087517262312206,0.0010048132057873,0.0112403395082072,0.0394941067129311,0.0055818222906604,0.0010048132057873,0.0394941067129311,0.0010048132057873,0.0358728592774877,0.0030559993315914,-0.0133921802610731,0.0081076452497295,0.1042818113248638,0.0168885691074342,0.1017292018249789,0.0081118871884945,0.0051659145766844,,0.0250010738227609,0.0087517262312206
W8,b12-17_mlp,72,0.0282474793236587,0.0840921710506419,0.0137641889162332,0.0021879185021464,-0.0461459982814093,0.0840921710506419,0.0203428117689879,0.0021879185021464,0.0840921710506419,0.0021879185021464,-0.0937429553187573,0.026105541653844,0.0014509587559386,0.0145800818841317,0.1011393563378521,0.0189475630680265,0.2095471134401854,0.012068535336214,0.0075176551787582,,0.0282474793236587,0.0137641889162332
W8,b18-23_attn,72,-0.0428845008364674,0.1810813523953384,0.0144428656581356,0.0032865714805082,0.0161936157876426,0.1810813523953384,0.0226126073103035,0.0032865714805082,0.1810813523953384,0.0032865714805082,0.0582786323857603,0.0307150724749223,-0.025891400810475,0.0145101421456847,-0.1051431762810439,0.0138251319175,-0.1433612770103059,0.0188700469679522,0.050627523157781,,-0.0428845008364674,0.0144428656581356
W8,b18-23_mlp,72,0.2944112296340515,0.2563593422081746,0.0822030660689034,0.005468589807746,0.4434468782632786,0.2563593422081746,0.212065853454397,0.005468589807746,0.2563593422081746,0.005468589807746,-0.1597838172078833,0.0462469323746502,1.0466775737344407,0.3778847745341437,0.2262084014491222,0.0505676060028143,0.3943150218395184,0.0277752459561509,0.2947356383902999,,0.2944112296340515,0.0822030660689034
W8,adaln,72,0.0018423710213512,-0.2706623461021916,0.0145207117023847,0.0039301456726984,0.0308544445859843,-0.2706623461021916,0.0116197467543156,0.0039301456726984,-0.2706623461021916,0.0039301456726984,0.0775289354744497,0.0151930444221069,-0.0158200463024811,0.0080464490865242,-0.1182259330450097,0.0224245600088833,0.0478380583468513,0.0094521473838677,0.0019146552950298,,0.0018423710213512,0.0145207117023847
W8,head,72,0.1220859243554116,0.3939324252383699,0.0415369591711398,0.0058008744857761,0.4141435649133551,0.3939324252383699,0.104459315899014,0.0058008744857761,0.3939324252383699,0.0058008744857761,0.7647045524180838,0.1706279611226298,0.0635825774086263,0.0382906706753983,-0.118434207448927,0.020021636820234,0.1981422661718157,0.0153202484940749,0.4177241960587995,,0.1220859243554116,0.0415369591711398
W8,embed,120,-0.0353255685877485,-0.5097283418199,0.1096165497037621,0.0068278981438163,-0.3313406821061583,-0.5097283418199,0.1696199063814761,0.0068278981438163,-0.5097283418199,0.0068278981438163,0.2206392824994145,0.0988736691319406,-0.8833206467117313,0.2403661436310116,-0.0123265441858958,0.0586249555314713,0.3013668601447594,0.0615534770108647,0.0455047649640325,,-0.0353255685877485,0.1096165497037621
W8,b0-5_attn,120,0.0210451857092386,-0.1320190643610149,0.0047590223517929,0.0009338676251023,-0.0128965164801355,-0.1320190643610149,0.0048154525652946,0.0009338676251023,-0.1320190643610149,0.0009338676251023,-0.0025595518273521,0.0044058864954711,-0.0232334811329188,0.005225018635118,0.0419922107600267,0.006402184368942,0.0007708035227544,0.0028663195891006,0.0018191108172234,,0.0210451857092386,0.0047590223517929
W8,b0-5_mlp,120,-0.1106999013254311,-0.0390027172217019,0.0141945912732536,0.0004422817029286,0.0082591877783866,-0.0390027172217019,0.0170400581311836,0.0004422817029286,-0.0390027172217019,0.0004422817029286,0.0840985320896558,0.0179625685956776,-0.0675801565328824,0.0161175476666897,-0.2413516923159187,0.0166616697517268,-0.2652647266038734,0.0135635423948519,0.0025633234937784,,-0.1106999013254311,0.0141945912732536
W8,b6-11_attn,120,0.02193937291018,0.4502277860648195,0.011402025714965,0.0032737520385354,-0.0283709348048366,0.4502277860648195,0.0100043173255209,0.0032737520385354,0.4502277860648195,0.0032737520385354,-0.0538437510979115,0.0114081791008015,-0.0028981185117617,0.0086004555502404,0.0453364264294056,0.0162731294992402,-0.1822327649397006,0.0135568217532733,0.010337724221228,,0.02193937291018,0.011402025714965
W8,b6-11_mlp,120,0.0875901930363637,0.4207321773400009,0.0131128267923636,0.0031584746263147,-0.0277854189755096,0.4207321773400009,0.0138961750850465,0.0031584746263147,0.4207321773400009,0.0031584746263147,-0.0143555675408969,0.0086693890287746,-0.0412152704101222,0.0191229611413185,0.2900101651240226,0.0171916818846235,0.0006232697018498,0.0065483421616232,0.0047378195480929,,0.0875901930363637,0.0131128267923636
W8,b12-17_attn,120,-0.0327623260949553,0.138529058768778,0.0094747297425117,0.0011523357409559,-0.0071105891316467,0.138529058768778,0.0073530904937653,0.0011523357409559,0.138529058768778,0.0011523357409559,0.0214931597895115,0.0059879331134106,-0.0357143380528051,0.0087182478741199,-0.0221753554572618,0.0159767412626645,0.0941721768659473,0.0095055833255054,0.004210908123702,,-0.0327623260949553,0.0094747297425117
W8,b12-17_mlp,120,0.0864288409189175,-0.0224802513613051,0.018656322847127,0.0011921303158608,-0.050039463444937,-0.0224802513613051,0.027533412687775,0.0011921303158608,-0.0224802513613051,0.0011921303158608,-0.0682140729206717,0.0328096836695967,-0.0318648539692022,0.0222571417059533,0.1966637565629509,0.0200969925908226,0.4795315675701718,0.0162316173332813,0.0061884410241095,,0.0864288409189175,0.018656322847127
W8,b18-23_attn,120,-0.0133324434372066,0.3156838245871619,0.0220955900394771,0.0024953602987408,0.0021459725587019,0.3156838245871619,0.0350120088317072,0.0024953602987408,0.3156838245871619,0.0024953602987408,0.0338721880159349,0.0485382543150405,-0.0295802428985311,0.0214857633483739,-0.0104289869770507,0.0139976933258472,0.007063614147956,0.0431330953731043,0.0438188175045421,,-0.0133324434372066,0.0220955900394771
W8,b18-23_mlp,120,0.6330401079418292,0.2574262996255473,0.1200320516847074,0.0026537511153313,0.9136640084793172,0.2574262996255473,0.3006932901709211,0.0026537511153313,0.2574262996255473,0.0026537511153313,-0.0372644195201067,0.0712185195009456,1.8645924364787407,0.5301680608408966,0.7179722685996038,0.0551245850317221,0.568732311864398,0.0265573315919706,0.3056163141563943,,0.6330401079418292,0.1200320516847074
W8,adaln,120,-0.1205765689474191,-0.2572318222137141,0.015070846319297,0.0018687592211327,-0.0014841913752304,-0.2572318222137141,0.0153340037573824,0.0018687592211327,-0.2572318222137141,0.0018687592211327,0.0341624267985355,0.0202485147185701,-0.0371308095489964,0.0104194927961946,-0.2996392583795586,0.0197842352179644,-0.1074928801955101,0.01432887884806,0.001643423153807,,-0.1205765689474191,0.015070846319297
W8,head,120,0.1249985538442569,0.3659236817192184,0.066937281649061,0.0028847004114547,0.4225340138599443,0.3659236817192184,0.1830497825851575,0.0028847004114547,0.3659236817192184,0.0028847004114547,0.7298993197460183,0.3127610730053826,0.1151687079738703,0.0533384921649325,-0.173905775773028,0.0191619748863958,0.1165667840214332,0.0204654656151536,0.3968551911543084,,0.1249985538442569,0.066937281649061
W8,embed,168,-0.0336479029247048,-0.1802995778748555,0.1317231542298238,0.0079861035315858,-0.2584070309320308,-0.1802995778748555,0.1839471455962461,0.0079861035315858,-0.1802995778748555,0.0079861035315858,0.1962923348920214,0.1368297646606339,-0.7131063967560831,0.2310645265318581,-0.1560802308227167,0.0483633370685735,0.4308654308714204,0.0440656253259011,0.0400119874078392,,-0.0336479029247048,0.1317231542298238
W8,b0-5_attn,168,0.0321837131119436,-0.0936111921074432,0.0054891629375318,0.0013901706730275,-0.0080780566445321,-0.0936111921074432,0.0060843360491278,0.0013901706730275,-0.0936111921074432,0.0013901706730275,0.0013749402405909,0.0073041154826901,-0.0175310535296552,0.0048645566155655,0.1122174367906158,0.0035738223506018,0.0462737591773566,0.0018722131449633,0.0016216039597338,,0.0321837131119436,0.0054891629375318
W8,b0-5_mlp,168,-0.0919642743486617,-0.0516605758431484,0.0139379692637005,0.0013655957148091,-0.0118033225992156,-0.0516605758431484,0.0199019797689521,0.0013655957148091,-0.0516605758431484,0.0013655957148091,0.0538982747086177,0.019492246056642,-0.077504919907049,0.0203117134812621,-0.2240439421141165,0.0159745256276091,-0.1484958690702499,0.0101046810745593,0.0023565259707592,,-0.0919642743486617,0.0139379692637005
W8,b6-11_attn,168,0.0292441304133705,0.2133613799002088,0.016292410025662,0.0035410580305356,0.0087114280664854,0.2133613799002088,0.0132714054479339,0.0035410580305356,0.2133613799002088,0.0035410580305356,-0.0052136519694412,0.0162208808273084,0.0226365081024122,0.0103219300685594,0.0254526320784597,0.0207856505021394,-0.22240483474916,0.0099177363011938,0.0092952951854207,,0.0292441304133705,0.016292410025662
W8,b6-11_mlp,168,0.1457309100822156,0.2853722156735043,0.016811742045838,0.004364872256244,-0.0054277094271473,0.2853722156735043,0.012344570682688,0.004364872256244,0.2853722156735043,0.004364872256244,0.016666098392417,0.0132639969165916,-0.0275215172467118,0.0114251444487843,0.4107349592295624,0.0207656544754511,0.23897101237859,0.010050864134243,0.0042908912416737,,0.1457309100822156,0.016811742045838
W8,b12-17_attn,168,-0.0366731415405762,0.0766472713934704,0.0125064429826222,0.0009777720450853,-0.0084612136997961,0.0766472713934704,0.0088220176738727,0.0009777720450853,0.0766472713934704,0.0009777720450853,0.0086342164978049,0.0112184298141451,-0.0255566438973971,0.0064256055336004,-0.0297831342609719,0.0168547891370719,0.0802173546141739,0.0068577624756734,0.0036544457189815,,-0.0366731415405762,0.0125064429826222
W8,b12-17_mlp,168,0.1062074083680516,0.0795179515996715,0.0222922486043273,0.0016949560933138,-0.0377750358447194,0.0795179515996715,0.0297605464847677,0.0016949560933138,0.0795179515996715,0.0016949560933138,-0.0452379036026118,0.0406307114317648,-0.0303121680868269,0.0188903815377706,0.3472892489578225,0.018582221525029,0.4118101255448401,0.0146898817254768,0.0058415013488714,,0.1062074083680516,0.0222922486043273
W8,b18-23_attn,168,-0.0149748680617657,0.2891707653791265,0.0291987066601722,0.0039257200002611,0.0277753929905499,0.2891707653791265,0.0435347060116495,0.0039257200002611,0.2891707653791265,0.0039257200002611,0.0367292253633799,0.0719845759192271,0.0188215606177198,0.015084836104072,-0.0488915736619277,0.0116638612876427,-0.0759308724112365,0.0360565084258864,0.0403413752723977,,-0.0149748680617657,0.0291987066601722
W8,b18-23_mlp,168,0.5076960537528753,0.0995627172054339,0.1409356289874363,0.0020855424622995,0.8715586935995462,0.0995627172054339,0.2926722087591369,0.0020855424622995,0.0995627172054339,0.0020855424622995,0.0514070235492626,0.1088308965976599,1.6917103636498296,0.4765135209206139,0.2494298424376193,0.0633308990777798,0.427003519824796,0.0268544278210281,0.308777715432204,,0.5076960537528753,0.1409356289874363
W8,adaln,168,-0.0920457899502428,-0.0504218509484597,0.0157084300499936,0.0010175341057017,-0.0070820371882801,-0.0504218509484597,0.0176235963856923,0.0010175341057017,-0.0504218509484597,0.0010175341057017,0.0152554837522931,0.0257342772149288,-0.0294195581288535,0.0095129155564557,-0.2875404308423598,0.0187170063298688,-0.0580459454654226,0.0103776400900561,0.0014838950001536,,-0.0920457899502428,0.0157084300499936
W8,head,168,0.1076457319872041,0.356229257355739,0.1034868809504865,0.0027685019495354,0.3753460647010114,0.356229257355739,0.2761585997729085,0.0027685019495354,0.356229257355739,0.0027685019495354,0.6628586525609778,0.49286143247338,0.087833476841045,0.059455767072437,-0.0319301100539694,0.0186119744566209,-0.2377960694150013,0.032426232664627,0.3821120129799874,,0.1076457319872041,0.1034868809504865
W8A8,embed,24,0.4845043326356604,0.7710130560893086,0.2850060206535386,0.2877575172283139,0.2508712379544685,0.7710130560893086,0.2878478894018699,0.2877575172283139,0.7710130560893086,0.2877575172283139,0.3713420257242195,0.3567825479475789,0.1304004501847175,0.2189132308561609,0.5004645246310306,0.1620409600141109,0.207404733467529,0.0658648973774165,0.6390894861077885,,0.4845043326356604,0.2850060206535386
W8A8,b0-5_attn,24,-0.0261364358370934,0.0027760561256164,0.0054689409607327,0.0014022294990416,-0.0706507587727361,0.0027760561256164,0.0027463295791846,0.0014022294990416,0.0027760561256164,0.0014022294990416,0.0076803920777331,0.002104652380731,-0.1489819096232054,0.0033880067776383,-0.0844282189947581,0.0112479099046147,0.0333944874023794,0.0021874093264729,0.0038852949605608,,-0.0261364358370934,0.0054689409607327
W8A8,b0-5_mlp,24,0.0785032719536471,0.0144977563107118,0.0379480361225269,0.0082698682145902,-7.787584665491787e-06,0.0144977563107118,0.0171056389191212,0.0082698682145902,0.0144977563107118,0.0082698682145902,0.1926903560949381,0.0303108967001502,-0.1927059312642691,0.0039003811380921,0.3260046340160345,0.0609531039160953,-0.3191225472807248,0.023524818161268,0.0239235287438074,,0.0785032719536471,0.0379480361225269
W8A8,b6-11_attn,24,-0.00829443732106,0.0375685528285949,0.0081862806272233,0.0124063613837608,-0.0867222906398319,0.0375685528285949,0.0036579943794915,0.0124063613837608,0.0375685528285949,0.0124063613837608,-0.0272809826426067,0.0030878409554827,-0.146163598637057,0.0042281478035004,0.0805016588132895,0.016497553782326,-0.1098854202067938,0.0078781151943779,0.0120933796184156,,-0.00829443732106,0.0081862806272233
W8A8,b6-11_mlp,24,0.0469120701914845,0.061606550926548,0.0186340786839693,0.0228162933051932,0.0525697766279004,0.061606550926548,0.0080908729684368,0.0228162933051932,0.061606550926548,0.0228162933051932,0.0696670838664109,0.0137529850486827,0.03547246938939,0.0024287608881908,0.0975026426427242,0.0278195132562708,0.0391192224434183,0.0085899133292045,0.0432658817818592,,0.0469120701914845,0.0186340786839693
W8A8,b12-17_attn,24,0.0058622301421473,0.0057924976014403,0.00783537302406,0.0029520814478071,-0.0547781290897032,0.0057924976014403,0.0042594297877957,0.0029520814478071,0.0057924976014403,0.0029520814478071,-0.0128873631637987,0.0023399960816358,-0.0966688950156077,0.0061788634939556,0.0178049161167166,0.0164814071557812,0.0630188524635576,0.0057869395419362,0.0025906072084114,,0.0058622301421473,0.00783537302406
W8A8,b12-17_mlp,24,0.0460403354627547,0.0241400385360804,0.0255709090082714,0.0096280805045691,0.0681343942659052,0.0241400385360804,0.0170187549853099,0.0096280805045691,0.0241400385360804,0.0096280805045691,-0.1921054119728832,0.0246251330271379,0.3283742005046938,0.009412376943482,0.0681625596897697,0.0359392395817176,0.0953330019819505,0.0092840015115725,0.0279118401644509,,0.0460403354627547,0.0255709090082714
W8A8,b18-23_attn,24,0.0385086120857792,0.0146795630698332,0.0118500610208558,0.00533891622939,0.2245251329748943,0.0146795630698332,0.0101598703664717,0.00533891622939,0.0146795630698332,0.00533891622939,0.1834318884675382,0.0142452825033231,0.2656183774822503,0.0060744582296204,0.0485360297409625,0.0148281919303796,-0.0856932468048122,0.0141799783811465,0.014060919590422,,0.0385086120857792,0.0118500610208558
W8A8,b18-23_mlp,24,0.0886091040512034,0.1089525624093463,0.1041293612518079,0.0411168785861165,0.2080163287931476,0.1089525624093463,0.2133068570670787,0.0411168785861165,0.1089525624093463,0.0411168785861165,-0.1847197175303182,0.0744830742590137,0.6007523751166135,0.3521306398751437,-0.0397585716624727,0.0468485817784941,0.1126183982648838,0.0279935081915485,0.1384371274698985,,0.0886091040512034,0.1041293612518079
W8A8,adaln,24,-0.0001654664139013,-0.0042575624818858,0.0048417997780971,0.0033457099186893,0.0318981730616879,-0.0042575624818858,0.0026098868528321,0.0033457099186893,-0.0042575624818858,0.0033457099186893,0.0012926511472376,0.0007446446892679,0.0625036949761382,0.0044751290163962,-0.0154537936628547,0.0085298763631901,0.0075558521503641,0.0034306568273243,0.0004588038687262,,-0.0001654664139013,0.0048417997780971
W8A8,head,24,0.0398202442675172,0.0508460352083278,0.0377639296731925,0.0163324908028894,0.1497248863962811,0.0508460352083278,0.0692234575278027,0.0163324908028894,0.0508460352083278,0.0163324908028894,0.7471797263425198,0.0587157696400822,-0.4477299535499576,0.0797311454155232,-0.0853310883471584,0.0265480314984655,-0.0282641182710852,0.0085005755135316,0.0639624180963401,,0.0398202442675172,0.0377639296731925
W8A8,embed,72,0.562172656754054,0.7027568244986157,0.3474845417308498,0.0715755067278571,0.3584000682040247,0.7027568244986157,0.2589604239277921,0.0715755067278571,0.7027568244986157,0.0715755067278571,0.4116610829001978,0.4194630198335978,0.3051390535078515,0.0984578280219865,0.725881013657295,0.319987022508955,0.5865990751389093,0.1102699784739011,0.4478894062844022,,0.562172656754054,0.3474845417308498
W8A8,b0-5_attn,72,0.0020277545503169,0.0328212291074214,0.0049277150181588,0.0014676908263999,0.0099944057541062,0.0328212291074214,0.0047783362631008,0.0014676908263999,0.0328212291074214,0.0014676908263999,0.0064560912175417,0.0042129013049895,0.0135327202906707,0.0053437712212121,-0.0277456213584866,0.008474439855451,0.06082835114519,0.0027656217787968,0.0036498534306047,,0.0020277545503169,0.0049277150181588
W8A8,b0-5_mlp,72,0.0740972678847806,-0.2932614044104172,0.0520924653178107,0.0100270165735567,0.0618231944657825,-0.2932614044104172,0.0283888202095212,0.0100270165735567,-0.2932614044104172,0.0100270165735567,0.0801747332742499,0.0460434698088045,0.0434716556573151,0.0107341706102378,0.2228380359800618,0.0797504984071134,-0.2284467378181704,0.0331070391550585,0.0220299920486908,,0.0740972678847806,0.0520924653178107
W8A8,b6-11_attn,72,0.0127880947740421,0.1874816208902148,0.0097536604550204,0.0072177536016842,0.0139399797403582,0.1874816208902148,0.005768768013786,0.0072177536016842,0.1874816208902148,0.0072177536016842,-0.0095545804052374,0.0054382839928224,0.0374345398859539,0.0060992520347497,0.0063257726891252,0.0180887312845319,0.0984734362982009,0.0133938040901761,0.0130535445677762,,0.0127880947740421,0.0097536604550204
W8A8,b6-11_mlp,72,0.0474028274184139,0.1471018623383899,0.0250127951927921,0.0102043950175835,0.0168720893617616,0.1471018623383899,0.0182362125866321,0.0102043950175835,0.1471018623383899,0.0102043950175835,0.0345246731447904,0.0239539652961938,-0.0007804944212672,0.0125184598770704,0.0814895637765641,0.0331663352818574,0.0849671517284543,0.0102778540782759,0.0366719056094638,,0.0474028274184139,0.0250127951927921
W8A8,b12-17_attn,72,0.0127007932814347,0.0379345059517773,0.008722846280773,0.0016907556878747,-0.0099084460005835,0.0379345059517773,0.0058302974849959,0.0016907556878747,0.0379345059517773,0.0016907556878747,0.0065027439978247,0.0037167309016877,-0.0263196359989919,0.007943864068304,0.0214317124553844,0.016478281892185,0.0616071784646301,0.0075455348425311,0.0031924702622875,,0.0127007932814347,0.008722846280773
W8A8,b12-17_mlp,72,0.0598727667476677,-0.0952757861715388,0.0370093729817879,0.006163090537634,-0.0630045343935192,-0.0952757861715388,0.027673693559041,0.006163090537634,-0.0952757861715388,0.006163090537634,-0.0215755778500311,0.0393151625463352,-0.1044334909370073,0.0160322245717468,0.0939905566060821,0.0490905835041536,0.218127109805639,0.0218451954972962,0.0250530629703349,,0.0598727667476677,0.0370093729817879
W8A8,b18-23_attn,72,-0.0010436439558122,0.1422885128372763,0.0174182804838279,0.0057827054585957,0.0129008570543911,0.1422885128372763,0.0241875779435523,0.0057827054585957,0.1422885128372763,0.0057827054585957,0.0712675468950048,0.0337932036706469,-0.0454658327862224,0.0145819522164576,0.0209991768530285,0.0165475609636466,-0.0634670912863634,0.0215979091862735,0.0224916162399017,,-0.0010436439558122,0.0174182804838279
W8A8,b18-23_mlp,72,0.0764608452556727,0.2713162071116601,0.1461334963165429,0.0152442287822125,-0.1762380684054059,0.2713162071116601,0.3165719420254831,0.0152442287822125,0.2713162071116601,0.0152442287822125,0.0480127497881813,0.1642326979561874,-0.4004888865989933,0.4689111860947788,-0.021578966452537,0.0428891681150026,0.0671773309876953,0.029707042814992,0.2105917258146961,,0.0764608452556727,0.1461334963165429
W8A8,adaln,72,0.0065319588976856,-0.0302967633695215,0.0068075579302099,0.0014126168160668,-0.010622783557927,-0.0302967633695215,0.0066376819307191,0.0014126168160668,-0.0302967633695215,0.0014126168160668,0.01270089610829,0.0062752221828085,-0.0339464632241441,0.0070001416786297,0.0092928973007114,0.0094045078005004,0.0333500822087125,0.0056690016054085,0.0008051310079159,,0.0065319588976856,0.0068075579302099
W8A8,head,72,0.1046181520286372,0.1491191824049851,0.0570237037716024,0.0069268033543535,0.3122876484568843,0.1491191824049851,0.1253484576094229,0.0069268033543535,0.1491191824049851,0.0069268033543535,0.4680201243544613,0.199619868433042,0.1565551725593073,0.0510770467858038,-0.0013369311388773,0.0222028378379789,0.1272614152687468,0.0168604355879272,0.1454863641228145,,0.1046181520286372,0.0570237037716024
W8A8,embed,120,0.4558928462352302,0.9110038473309492,0.4038182971470277,0.0357052940038186,0.3470005397747857,0.9110038473309492,0.3499720952466316,0.0357052940038186,0.9110038473309492,0.0357052940038186,0.3783125645625266,0.4280290200616836,0.3156885149870448,0.2719151704315795,0.741839120190676,0.3586335874567705,0.0738525399780835,0.2114572994104418,0.3350899734377199,,0.4558928462352302,0.4038182971470277
W8A8,b0-5_attn,120,-0.0009631546794883,0.0191018219946511,0.0049813241027696,0.0011138805643222,0.0112356224955221,0.0191018219946511,0.006126380290701,0.0011138805643222,0.0191018219946511,0.0011138805643222,0.0047433232247262,0.00581219766269,0.017727921766318,0.0064405629187121,-0.0187173122452718,0.005923741198295,0.0172596012251518,0.0026863979903794,0.0039004213174519,,-0.0009631546794883,0.0049813241027696
W8A8,b0-5_mlp,120,0.0748833006697159,-0.4949090692305036,0.0521823155355571,0.0101719388538271,0.0663149866280626,-0.4949090692305036,0.0344811692835905,0.0101719388538271,-0.4949090692305036,0.0101719388538271,0.0551588526221266,0.0475130269939459,0.0774711206339987,0.0214493115732351,0.1858424516168974,0.0707837635142295,-0.0804664350423173,0.0518325381595899,0.0188163128281999,,0.0748833006697159,0.0521823155355571
W8A8,b6-11_attn,120,0.0075386264033918,0.3449448802009118,0.0118541679031263,0.0072455979752796,0.0419509759968553,0.3449448802009118,0.0112001812597061,0.0072455979752796,0.3449448802009118,0.0072455979752796,-0.0065261352977071,0.0102131595073619,0.0904280872914179,0.0121872030120504,-0.019314446798184,0.0176728056044861,0.0578140876728628,0.0127475627506051,0.0132725921419754,,0.0075386264033918,0.0118541679031263
W8A8,b6-11_mlp,120,-0.000157298049794,0.2319000789447931,0.0278353624928691,0.0079160284401764,-0.0146784173690274,0.2319000789447931,0.0249026183570325,0.0079160284401764,0.2319000789447931,0.0079160284401764,0.0257265203756008,0.0250600605137496,-0.0550833551136556,0.0247451762003154,0.0668252626010169,0.0345686598625991,-0.2103154443470694,0.0319061498187781,0.0296100614846489,,-0.000157298049794,0.0278353624928691
W8A8,b12-17_attn,120,0.0103304717137265,0.0421333723001312,0.0099187835483261,0.001246267871913,-0.0156118616286872,0.0421333723001312,0.0075713378924413,0.001246267871913,0.0421333723001312,0.001246267871913,0.0068266159308208,0.0065152893511278,-0.0380503391881954,0.0086273864337549,0.0222720300189779,0.016217307009911,0.0592337499577749,0.0113664135003908,0.0033860822989857,,0.0103304717137265,0.0099187835483261
W8A8,b12-17_mlp,120,0.0187234637386767,-0.130489466924324,0.0375613305938032,0.0032425172483934,-0.1187919613585354,-0.130489466924324,0.0380495189514705,0.0032425172483934,-0.130489466924324,0.0032425172483934,-0.0109947919162377,0.0380848763599094,-0.2265891308008331,0.0380141615430316,0.0946512800666686,0.0493353474085193,-0.0194751852727569,0.0231521470095819,0.0205647037268661,,0.0187234637386767,0.0375613305938032
W8A8,b18-23_attn,120,-0.002018105299677,0.2137552832249715,0.0243843258777808,0.0046476231848624,-0.0464422401158753,0.2137552832249715,0.0361114682472951,0.0046476231848624,0.2137552832249715,0.0046476231848624,0.0589247792432143,0.052053966840083,-0.151809259474965,0.0201689696545073,0.0127192591766795,0.0151008518972781,0.0329771055562987,0.0440639870030085,0.0247023300798107,,-0.002018105299677,0.0243843258777808
W8A8,b18-23_mlp,120,0.1321744072607912,0.1412389978645977,0.2025071020740047,0.0046628798415495,0.0738172829484251,0.1412389978645977,0.4176406962945381,0.0046628798415495,0.1412389978645977,0.0046628798415495,0.1162722398709774,0.2313751234592778,0.0313623260258728,0.6039062691297984,-0.022183576927112,0.0446293641194777,-0.291538786738879,0.0288700598240079,0.2357991822376214,,0.1321744072607912,0.2025071020740047
W8A8,adaln,120,0.0030345778944157,-0.0098017382827633,0.0087732135520844,0.0003002899208313,-0.0132579912097863,-0.0098017382827633,0.0086805713268227,0.0003002899208313,-0.0098017382827633,0.0003002899208313,0.0137497786666062,0.0113915398222642,-0.040265761086179,0.0059696028313812,0.0151222930358457,0.0107601795360012,-0.0173658868341124,0.0091225820452772,0.0008624142961239,,0.0030345778944157,0.0087732135520844
W8A8,head,120,0.1241440059001797,0.080172513892272,0.0863302187312617,0.0026298576350918,0.3803574498267074,0.080172513892272,0.2070316507823734,0.0026298576350918,0.080172513892272,0.0026298576350918,0.4512714535885554,0.348403970425158,0.3094434460648594,0.0656593311395888,0.0154362174263398,0.0219354852755195,0.0858684763889118,0.0240955852644901,0.1889877039758068,,0.1241440059001797,0.0863302187312617
W8A8,embed,168,0.4276489616129474,0.523744230939868,0.4585671754987843,0.0159488930883425,0.0408763682989176,0.523744230939868,0.3990353444261448,0.0159488930883425,0.523744230939868,0.0159488930883425,0.3365543414656358,0.4692678749186597,-0.2548016048678005,0.3288028139336301,0.812305309557011,0.3904261648615579,0.1756651542780686,0.2005306264683948,0.2804565578381165,,0.4276489616129474,0.4585671754987843
W8A8,b0-5_attn,168,-0.0015003288278558,0.0157834801237222,0.0071371543136469,0.0009963552622028,-0.0050892534291886,0.0157834801237222,0.0079605532203829,0.0009963552622028,0.0157834801237222,0.0009963552622028,0.0044818301145139,0.0093748816851334,-0.0146603369728913,0.0065462247556323,-0.0098997533243887,0.0044067373018399,0.0012269243257273,0.0034208756168097,0.0035291029206623,,-0.0015003288278558,0.0071371543136469
W8A8,b0-5_mlp,168,0.0579036535239769,-0.5203295832015931,0.051606597397886,0.0112687237452248,-0.0404571050710566,-0.5203295832015931,0.0380244545022575,0.0112687237452248,-0.5203295832015931,0.0112687237452248,0.0373138574047587,0.0457551745037446,-0.118228067546872,0.0302937345007704,0.1890425962967651,0.0670991442900402,-0.0694281260903158,0.0510696510318097,0.017077385077793,,0.0579036535239769,0.051606597397886
W8A8,b6-11_attn,168,-0.0077441671800693,0.3335129769728386,0.017455104789325,0.0064043709424884,0.0068418977140669,0.3335129769728386,0.0144913265746845,0.0064043709424884,0.3335129769728386,0.0064043709424884,-0.0007543154507519,0.0185969043918944,0.0144381108788858,0.0103857487574746,-0.0374018429431769,0.0218235313078677,0.0115856401797728,0.0084516930018986,0.0133207106424438,,-0.0077441671800693,0.017455104789325
W8A8,b6-11_mlp,168,0.0247010365076659,0.0748153159020556,0.0278994407550311,0.0022554789067483,-0.0094549258588193,0.0748153159020556,0.0324698167864244,0.0022554789067483,0.0748153159020556,0.0022554789067483,0.0194512304453786,0.0270728045256363,-0.0383610821630174,0.0378668290472125,0.0645929901088502,0.0352916486325891,0.0603510607426516,0.0145024993877975,0.0247336527737776,,0.0247010365076659,0.0278994407550311
W8A8,b12-17_attn,168,0.0124352394471934,0.0407202045035562,0.0125288414244393,0.0012384880083462,-0.0030835666155271,0.0407202045035562,0.0088595398039348,0.0012384880083462,0.0407202045035562,0.0012384880083462,0.0046382754770033,0.0109714015040442,-0.0108054087080575,0.0067476781038255,0.029172368237861,0.0175965055342124,0.0327524899445899,0.0071893695678607,0.0032199494154685,,0.0124352394471934,0.0125288414244393
W8A8,b12-17_mlp,168,0.0297455682584283,-0.0511873579625883,0.0436572510480059,0.0021427506009613,-0.0183297401347518,-0.0511873579625883,0.0445143952310296,0.0021427506009613,-0.0511873579625883,0.0021427506009613,-0.0135390836094055,0.0458949389519203,-0.023120396660098,0.0431338515101389,0.0985574603248122,0.0526551797662243,-0.0055794232999559,0.017961273867844,0.0172805866934632,,0.0297455682584283,0.0436572510480059
W8A8,b18-23_attn,168,0.0107324653214683,0.219737891298268,0.0321074123701671,0.0051571299119422,0.0491255000242318,0.219737891298268,0.045980726946038,0.0051571299119422,0.219737891298268,0.0051571299119422,0.0577465092884363,0.076911412740991,0.0405044907600273,0.0150500411510851,-0.0059681875227513,0.0129255424753251,0.0277107650278466,0.0372372232431781,0.0262773533050193,,0.0107324653214683,0.0321074123701671
W8A8,b18-23_mlp,168,0.2334467546565741,0.2026568814748049,0.2492008143129487,0.0047397923579904,0.7507112968144434,0.2026568814748049,0.4263035585153454,0.0047397923579904,0.2026568814748049,0.0047397923579904,0.1818594480596344,0.3363855078195685,1.3195631455692522,0.5162216092111223,-0.0570732780984704,0.04926787662119,-0.1453028841108441,0.0188508117983067,0.2541305325035781,,0.2334467546565741,0.2492008143129487
W8A8,adaln,168,0.0126721092403741,0.0694680933011067,0.012034255648879,0.001507253547617,0.0089270389127981,0.0694680933011067,0.0101430779636498,0.001507253547617,0.0694680933011067,0.001507253547617,0.0129140257303617,0.0169414534228143,0.0049400520952344,0.0033447025044852,0.02118563875956,0.0136700638113944,0.0125805323026388,0.0075274586796295,0.000857719807127,,0.0126721092403741,0.012034255648879
W8A8,head,168,0.102619639454861,0.0771879674791905,0.1264566103316322,0.0018452700806776,0.2337546074368567,0.0771879674791905,0.3013907285212986,0.0018452700806776,0.0771879674791905,0.0018452700806776,0.4568978480705412,0.5379685060877163,0.0106113668031722,0.064812950954881,0.0285215322959416,0.0215687581605743,-0.019508626231406,0.0327417668985588,0.2186470504758125,,0.102619639454861,0.1264566103316322
