# per-initialisation RMSE degradation vs FP32, percent. source=harness_results.pt vars=7. Spread over inits is WEATHER VARIABILITY, not an interval on the mean -- inits are autocorrelated and n_eff is well below n.
tag,lead,init,deg_pct
ceiling,24,0,-0.00505243
ceiling,24,1,0.00561945
ceiling,24,2,0.00582969
ceiling,24,3,-0.000992024
ceiling,24,4,0.00145035
ceiling,24,5,0.000603134
ceiling,24,6,-0.00526841
ceiling,24,7,0.00697203
ceiling,24,8,-0.00366003
ceiling,24,9,-0.00094002
ceiling,24,10,-0.000963132
ceiling,24,11,0.00475862
ceiling,24,12,-0.0026103
ceiling,24,13,-0.00320214
ceiling,24,14,0.00261461
ceiling,24,15,0.000620078
ceiling,24,16,-0.00389509
ceiling,24,17,0.000400021
ceiling,24,18,0.00848481
ceiling,24,19,0.000171249
ceiling,24,20,0.00160061
ceiling,24,21,0.00423483
ceiling,24,22,-0.00250493
ceiling,24,23,0.00612377
ceiling,24,24,-0.000278553
ceiling,24,25,-0.00530976
ceiling,24,26,-0.00195452
ceiling,24,27,0.00120701
ceiling,24,28,0.00502178
ceiling,24,29,0.00322176
ceiling,24,30,0.00714794
ceiling,24,31,0.0084607
ceiling,24,32,-0.000828795
ceiling,24,33,-0.00188079
ceiling,24,34,0.00637738
ceiling,24,35,-0.00273998
ceiling,24,36,0.00197559
ceiling,24,37,-0.00157231
ceiling,24,38,0.00100228
ceiling,24,39,-0.00372629
ceiling,24,40,0.00152671
ceiling,24,41,0.00204987
ceiling,24,42,-0.00215862
ceiling,24,43,-0.00556596
ceiling,24,44,0.00238435
ceiling,24,45,0.000844226
ceiling,24,46,0.000754623
ceiling,72,0,0.0206161
ceiling,72,1,0.00569707
ceiling,72,2,0.00540403
ceiling,72,3,-0.00390468
ceiling,72,4,-0.022456
ceiling,72,5,-0.0106638
ceiling,72,6,-0.0191956
ceiling,72,7,-0.0159661
ceiling,72,8,0.00364318
ceiling,72,9,-0.0366844
ceiling,72,10,-0.0184123
ceiling,72,11,0.0129975
ceiling,72,12,-0.00770321
ceiling,72,13,-0.0310769
ceiling,72,14,0.0390774
ceiling,72,15,0.00322932
ceiling,72,16,-0.0231861
ceiling,72,17,0.00403849
ceiling,72,18,0.00511762
ceiling,72,19,-0.00778721
ceiling,72,20,0.00237441
ceiling,72,21,-0.0223722
ceiling,72,22,-0.0035229
ceiling,72,23,0.0214553
ceiling,72,24,0.0100948
ceiling,72,25,-0.0125076
ceiling,72,26,0.00353452
ceiling,72,27,0.00216491
ceiling,72,28,-0.00195614
ceiling,72,29,-0.00478369
ceiling,72,30,0.00264816
ceiling,72,31,-0.0015605
ceiling,72,32,-0.0047914
ceiling,72,33,0.0240132
ceiling,72,34,-0.00428262
ceiling,72,35,-0.0159225
ceiling,72,36,0.00851112
ceiling,72,37,-0.0184128
ceiling,72,38,0.0175991
ceiling,72,39,0.0102651
ceiling,72,40,0.0200249
ceiling,72,41,0.00146799
ceiling,72,42,-0.012424
ceiling,72,43,-0.0120125
ceiling,72,44,-0.00929156
ceiling,72,45,-0.00476338
ceiling,72,46,-0.0042852
ceiling,120,0,0.0399399
ceiling,120,1,0.0282924
ceiling,120,2,-0.00525532
ceiling,120,3,0.00689497
ceiling,120,4,-0.0222235
ceiling,120,5,-0.0271242
ceiling,120,6,-0.0364808
ceiling,120,7,-0.00358639
ceiling,120,8,-0.0131
ceiling,120,9,-0.04452
ceiling,120,10,-0.0159156
ceiling,120,11,-0.00571628
ceiling,120,12,-0.0183363
ceiling,120,13,-0.0304134
ceiling,120,14,0.0403023
ceiling,120,15,-0.0155659
ceiling,120,16,-0.0139012
ceiling,120,17,0.0170686
ceiling,120,18,-0.0147196
ceiling,120,19,-0.0263205
ceiling,120,20,-0.00109525
ceiling,120,21,-0.0460099
ceiling,120,22,-0.00966559
ceiling,120,23,0.0317455
ceiling,120,24,0.0254713
ceiling,120,25,0.0120396
ceiling,120,26,-0.00861646
ceiling,120,27,-0.00237257
ceiling,120,28,-0.003149
ceiling,120,29,-0.0129401
ceiling,120,30,0.0145151
ceiling,120,31,-0.0192939
ceiling,120,32,-0.0466198
ceiling,120,33,0.0145576
ceiling,120,34,-0.0123108
ceiling,120,35,-0.0162712
ceiling,120,36,-0.000118782
ceiling,120,37,0.00343526
ceiling,120,38,0.025391
ceiling,120,39,-0.0104991
ceiling,120,40,0.0333864
ceiling,120,41,-0.00550593
ceiling,120,42,-0.0473077
ceiling,120,43,0.0133768
ceiling,120,44,-0.0132212
ceiling,120,45,-0.000682538
ceiling,120,46,-0.00809572
ceiling,168,0,-0.0149776
ceiling,168,1,0.0366964
ceiling,168,2,0.023044
ceiling,168,3,0.0174855
ceiling,168,4,-0.0260089
ceiling,168,5,-0.0162121
ceiling,168,6,0.00385123
ceiling,168,7,0.0295011
ceiling,168,8,0.0100666
ceiling,168,9,-0.0271297
ceiling,168,10,-0.00322481
ceiling,168,11,0.00352972
ceiling,168,12,-0.0314992
ceiling,168,13,-0.00960133
ceiling,168,14,0.0479676
ceiling,168,15,-0.00669018
ceiling,168,16,-0.0385573
ceiling,168,17,0.0243551
ceiling,168,18,0.0253987
ceiling,168,19,-0.00596933
ceiling,168,20,0.00726319
ceiling,168,21,-0.0544377
ceiling,168,22,-0.0304367
ceiling,168,23,-0.00215694
ceiling,168,24,0.0288669
ceiling,168,25,0.0178203
ceiling,168,26,-0.0239093
ceiling,168,27,0.00622875
ceiling,168,28,0.0222739
ceiling,168,29,-0.00280187
ceiling,168,30,0.034219
ceiling,168,31,-0.0591672
ceiling,168,32,-0.0478524
ceiling,168,33,0.046961
ceiling,168,34,-0.0256601
ceiling,168,35,-0.0266645
ceiling,168,36,-0.0182687
ceiling,168,37,0.0163075
ceiling,168,38,-0.0245362
ceiling,168,39,-0.0141816
ceiling,168,40,0.0105727
ceiling,168,41,-0.00511077
ceiling,168,42,-0.035223
ceiling,168,43,0.00747604
ceiling,168,44,0.00258337
ceiling,168,45,-0.0280905
ceiling,168,46,-0.0369647
W8A8_floor,24,0,1.57063
W8A8_floor,24,1,1.43455
W8A8_floor,24,2,1.67874
W8A8_floor,24,3,1.77393
W8A8_floor,24,4,1.57865
W8A8_floor,24,5,1.33099
W8A8_floor,24,6,1.69407
W8A8_floor,24,7,1.60835
W8A8_floor,24,8,2.10645
W8A8_floor,24,9,1.66529
W8A8_floor,24,10,1.66218
W8A8_floor,24,11,1.78172
W8A8_floor,24,12,1.92847
W8A8_floor,24,13,1.90405
W8A8_floor,24,14,1.8514
W8A8_floor,24,15,1.32809
W8A8_floor,24,16,2.09963
W8A8_floor,24,17,2.10594
W8A8_floor,24,18,1.52941
W8A8_floor,24,19,1.718
W8A8_floor,24,20,1.30664
W8A8_floor,24,21,1.55008
W8A8_floor,24,22,1.66571
W8A8_floor,24,23,1.80624
W8A8_floor,24,24,1.62514
W8A8_floor,24,25,1.71571
W8A8_floor,24,26,1.41802
W8A8_floor,24,27,1.20305
W8A8_floor,24,28,1.8931
W8A8_floor,24,29,1.65198
W8A8_floor,24,30,1.47307
W8A8_floor,24,31,1.97016
W8A8_floor,24,32,1.20429
W8A8_floor,24,33,1.83535
W8A8_floor,24,34,1.87991
W8A8_floor,24,35,1.66275
W8A8_floor,24,36,1.56001
W8A8_floor,24,37,1.69125
W8A8_floor,24,38,1.54095
W8A8_floor,24,39,1.93132
W8A8_floor,24,40,1.71301
W8A8_floor,24,41,1.75747
W8A8_floor,24,42,1.77609
W8A8_floor,24,43,1.65929
W8A8_floor,24,44,1.86581
W8A8_floor,24,45,1.68374
W8A8_floor,24,46,1.56035
W8A8_floor,72,0,1.50245
W8A8_floor,72,1,1.12291
W8A8_floor,72,2,0.820841
W8A8_floor,72,3,1.12472
W8A8_floor,72,4,2.03122
W8A8_floor,72,5,0.935138
W8A8_floor,72,6,0.133527
W8A8_floor,72,7,0.123014
W8A8_floor,72,8,1.95837
W8A8_floor,72,9,-0.717064
W8A8_floor,72,10,-0.0499368
W8A8_floor,72,11,1.14872
W8A8_floor,72,12,1.54223
W8A8_floor,72,13,-0.0533531
W8A8_floor,72,14,0.905393
W8A8_floor,72,15,2.09212
W8A8_floor,72,16,2.14646
W8A8_floor,72,17,3.31252
W8A8_floor,72,18,1.26366
W8A8_floor,72,19,0.542802
W8A8_floor,72,20,1.18151
W8A8_floor,72,21,0.0340364
W8A8_floor,72,22,1.49726
W8A8_floor,72,23,2.31134
W8A8_floor,72,24,2.65544
W8A8_floor,72,25,1.24948
W8A8_floor,72,26,0.702261
W8A8_floor,72,27,2.54689
W8A8_floor,72,28,1.03218
W8A8_floor,72,29,-0.315984
W8A8_floor,72,30,0.395094
W8A8_floor,72,31,1.12885
W8A8_floor,72,32,0.843775
W8A8_floor,72,33,1.81431
W8A8_floor,72,34,1.70567
W8A8_floor,72,35,1.23534
W8A8_floor,72,36,1.40448
W8A8_floor,72,37,0.674313
W8A8_floor,72,38,0.903405
W8A8_floor,72,39,2.71401
W8A8_floor,72,40,0.349767
W8A8_floor,72,41,1.82794
W8A8_floor,72,42,0.52717
W8A8_floor,72,43,0.647988
W8A8_floor,72,44,1.0521
W8A8_floor,72,45,2.90112
W8A8_floor,72,46,1.83104
W8A8_floor,120,0,0.559537
W8A8_floor,120,1,0.765284
W8A8_floor,120,2,1.65879
W8A8_floor,120,3,2.04915
W8A8_floor,120,4,0.810679
W8A8_floor,120,5,1.13283
W8A8_floor,120,6,-2.73833
W8A8_floor,120,7,-0.460976
W8A8_floor,120,8,2.49332
W8A8_floor,120,9,-1.34401
W8A8_floor,120,10,0.0113782
W8A8_floor,120,11,1.11759
W8A8_floor,120,12,2.33302
W8A8_floor,120,13,-0.350669
W8A8_floor,120,14,-1.52265
W8A8_floor,120,15,1.47547
W8A8_floor,120,16,2.63054
W8A8_floor,120,17,4.0433
W8A8_floor,120,18,-0.661898
W8A8_floor,120,19,0.577572
W8A8_floor,120,20,0.502057
W8A8_floor,120,21,-0.767872
W8A8_floor,120,22,0.193126
W8A8_floor,120,23,1.99267
W8A8_floor,120,24,2.40435
W8A8_floor,120,25,0.478981
W8A8_floor,120,26,-0.345039
W8A8_floor,120,27,1.19421
W8A8_floor,120,28,0.518061
W8A8_floor,120,29,-0.904587
W8A8_floor,120,30,-0.0407609
W8A8_floor,120,31,1.32843
W8A8_floor,120,32,-0.846915
W8A8_floor,120,33,0.414493
W8A8_floor,120,34,1.50946
W8A8_floor,120,35,2.72615
W8A8_floor,120,36,1.34766
W8A8_floor,120,37,0.346696
W8A8_floor,120,38,2.22418
W8A8_floor,120,39,2.39747
W8A8_floor,120,40,0.464933
W8A8_floor,120,41,1.37256
W8A8_floor,120,42,-1.71938
W8A8_floor,120,43,-0.0430582
W8A8_floor,120,44,0.270664
W8A8_floor,120,45,2.30791
W8A8_floor,120,46,0.839073
W8A8_floor,168,0,-0.842784
W8A8_floor,168,1,-0.0533448
W8A8_floor,168,2,1.75476
W8A8_floor,168,3,3.53898
W8A8_floor,168,4,-0.168053
W8A8_floor,168,5,1.32919
W8A8_floor,168,6,-0.269807
W8A8_floor,168,7,0.155574
W8A8_floor,168,8,1.92529
W8A8_floor,168,9,-2.54977
W8A8_floor,168,10,-0.130103
W8A8_floor,168,11,3.1161
W8A8_floor,168,12,2.69581
W8A8_floor,168,13,0.703782
W8A8_floor,168,14,-3.1996
W8A8_floor,168,15,0.884449
W8A8_floor,168,16,1.40388
W8A8_floor,168,17,5.32284
W8A8_floor,168,18,1.63236
W8A8_floor,168,19,0.364551
W8A8_floor,168,20,0.0461793
W8A8_floor,168,21,0.436742
W8A8_floor,168,22,0.867632
W8A8_floor,168,23,0.418903
W8A8_floor,168,24,2.26804
W8A8_floor,168,25,-1.01826
W8A8_floor,168,26,-2.13116
W8A8_floor,168,27,1.53975
W8A8_floor,168,28,-0.100956
W8A8_floor,168,29,-1.58008
W8A8_floor,168,30,-2.05918
W8A8_floor,168,31,2.34291
W8A8_floor,168,32,0.896468
W8A8_floor,168,33,0.616714
W8A8_floor,168,34,0.61142
W8A8_floor,168,35,1.60208
W8A8_floor,168,36,2.52573
W8A8_floor,168,37,0.517906
W8A8_floor,168,38,-0.31882
W8A8_floor,168,39,1.25566
W8A8_floor,168,40,-1.11655
W8A8_floor,168,41,-0.215679
W8A8_floor,168,42,-4.32656
W8A8_floor,168,43,-0.637964
W8A8_floor,168,44,-0.76514
W8A8_floor,168,45,0.803071
W8A8_floor,168,46,1.18695
W8A8_knee,24,0,0.288277
W8A8_knee,24,1,0.316959
W8A8_knee,24,2,0.491158
W8A8_knee,24,3,0.518273
W8A8_knee,24,4,0.152253
W8A8_knee,24,5,0.467818
W8A8_knee,24,6,0.582773
W8A8_knee,24,7,0.393455
W8A8_knee,24,8,0.581717
W8A8_knee,24,9,0.55426
W8A8_knee,24,10,0.610978
W8A8_knee,24,11,0.301264
W8A8_knee,24,12,0.634644
W8A8_knee,24,13,0.434468
W8A8_knee,24,14,0.547745
W8A8_knee,24,15,0.269742
W8A8_knee,24,16,0.347354
W8A8_knee,24,17,0.578377
W8A8_knee,24,18,0.453811
W8A8_knee,24,19,0.458217
W8A8_knee,24,20,0.272783
W8A8_knee,24,21,0.536493
W8A8_knee,24,22,0.374056
W8A8_knee,24,23,0.436086
W8A8_knee,24,24,0.518363
W8A8_knee,24,25,0.469314
W8A8_knee,24,26,0.314778
W8A8_knee,24,27,0.263986
W8A8_knee,24,28,0.576964
W8A8_knee,24,29,0.699979
W8A8_knee,24,30,0.200984
W8A8_knee,24,31,0.362496
W8A8_knee,24,32,0.298921
W8A8_knee,24,33,0.472167
W8A8_knee,24,34,0.312452
W8A8_knee,24,35,0.453573
W8A8_knee,24,36,0.547514
W8A8_knee,24,37,0.433058
W8A8_knee,24,38,0.580159
W8A8_knee,24,39,0.419433
W8A8_knee,24,40,0.538143
W8A8_knee,24,41,0.788164
W8A8_knee,24,42,0.499384
W8A8_knee,24,43,0.558464
W8A8_knee,24,44,0.277629
W8A8_knee,24,45,0.456051
W8A8_knee,24,46,0.450083
W8A8_knee,72,0,0.879265
W8A8_knee,72,1,0.077228
W8A8_knee,72,2,0.290639
W8A8_knee,72,3,0.437024
W8A8_knee,72,4,-0.180518
W8A8_knee,72,5,0.556098
W8A8_knee,72,6,0.394597
W8A8_knee,72,7,-0.88324
W8A8_knee,72,8,0.0789688
W8A8_knee,72,9,-0.815933
W8A8_knee,72,10,-0.733897
W8A8_knee,72,11,-0.0730534
W8A8_knee,72,12,0.420518
W8A8_knee,72,13,-0.0724255
W8A8_knee,72,14,0.204313
W8A8_knee,72,15,0.523693
W8A8_knee,72,16,0.14894
W8A8_knee,72,17,0.826592
W8A8_knee,72,18,0.120416
W8A8_knee,72,19,0.440082
W8A8_knee,72,20,0.26053
W8A8_knee,72,21,0.269146
W8A8_knee,72,22,0.095085
W8A8_knee,72,23,0.347627
W8A8_knee,72,24,0.382364
W8A8_knee,72,25,0.224757
W8A8_knee,72,26,-0.064361
W8A8_knee,72,27,0.760148
W8A8_knee,72,28,0.512784
W8A8_knee,72,29,-0.150344
W8A8_knee,72,30,-0.491514
W8A8_knee,72,31,0.446733
W8A8_knee,72,32,0.206541
W8A8_knee,72,33,0.249934
W8A8_knee,72,34,0.28641
W8A8_knee,72,35,0.299979
W8A8_knee,72,36,1.32101
W8A8_knee,72,37,0.106485
W8A8_knee,72,38,-0.0114508
W8A8_knee,72,39,0.315419
W8A8_knee,72,40,1.26122
W8A8_knee,72,41,0.760581
W8A8_knee,72,42,0.22215
W8A8_knee,72,43,0.532219
W8A8_knee,72,44,0.469055
W8A8_knee,72,45,0.15506
W8A8_knee,72,46,0.463705
W8A8_knee,120,0,0.420724
W8A8_knee,120,1,0.597636
W8A8_knee,120,2,0.627234
W8A8_knee,120,3,1.3844
W8A8_knee,120,4,-0.0642742
W8A8_knee,120,5,0.596256
W8A8_knee,120,6,-0.431821
W8A8_knee,120,7,-0.246629
W8A8_knee,120,8,0.286239
W8A8_knee,120,9,-1.75055
W8A8_knee,120,10,-0.157
W8A8_knee,120,11,-0.273215
W8A8_knee,120,12,0.82583
W8A8_knee,120,13,-0.0874398
W8A8_knee,120,14,0.561716
W8A8_knee,120,15,1.06425
W8A8_knee,120,16,1.49251
W8A8_knee,120,17,-0.032307
W8A8_knee,120,18,-0.913807
W8A8_knee,120,19,0.370894
W8A8_knee,120,20,0.88385
W8A8_knee,120,21,-0.611488
W8A8_knee,120,22,-0.131444
W8A8_knee,120,23,1.00387
W8A8_knee,120,24,0.291671
W8A8_knee,120,25,0.247259
W8A8_knee,120,26,-0.977069
W8A8_knee,120,27,0.670091
W8A8_knee,120,28,0.570507
W8A8_knee,120,29,-1.05163
W8A8_knee,120,30,-0.772728
W8A8_knee,120,31,-0.642991
W8A8_knee,120,32,-0.586445
W8A8_knee,120,33,0.0141975
W8A8_knee,120,34,-0.397745
W8A8_knee,120,35,0.532097
W8A8_knee,120,36,0.434809
W8A8_knee,120,37,-0.244639
W8A8_knee,120,38,0.000317482
W8A8_knee,120,39,0.830061
W8A8_knee,120,40,0.74557
W8A8_knee,120,41,-0.200586
W8A8_knee,120,42,0.107443
W8A8_knee,120,43,0.426644
W8A8_knee,120,44,0.638971
W8A8_knee,120,45,-0.883844
W8A8_knee,120,46,0.444435
W8A8_knee,168,0,-0.0194297
W8A8_knee,168,1,0.7818
W8A8_knee,168,2,0.43835
W8A8_knee,168,3,1.02907
W8A8_knee,168,4,-0.42482
W8A8_knee,168,5,0.892743
W8A8_knee,168,6,-0.105217
W8A8_knee,168,7,0.8748
W8A8_knee,168,8,-0.272576
W8A8_knee,168,9,-1.61045
W8A8_knee,168,10,-0.70034
W8A8_knee,168,11,0.913809
W8A8_knee,168,12,1.27766
W8A8_knee,168,13,-0.332692
W8A8_knee,168,14,-0.516385
W8A8_knee,168,15,1.45866
W8A8_knee,168,16,0.456181
W8A8_knee,168,17,0.742077
W8A8_knee,168,18,-0.174487
W8A8_knee,168,19,0.538445
W8A8_knee,168,20,0.378892
W8A8_knee,168,21,-0.900412
W8A8_knee,168,22,0.105636
W8A8_knee,168,23,1.97005
W8A8_knee,168,24,-0.0242841
W8A8_knee,168,25,0.309113
W8A8_knee,168,26,-0.565854
W8A8_knee,168,27,-0.180171
W8A8_knee,168,28,-0.0253057
W8A8_knee,168,29,-1.21938
W8A8_knee,168,30,-0.739639
W8A8_knee,168,31,-0.907521
W8A8_knee,168,32,-0.100232
W8A8_knee,168,33,-0.510669
W8A8_knee,168,34,-0.938076
W8A8_knee,168,35,0.51607
W8A8_knee,168,36,1.14583
W8A8_knee,168,37,-0.750581
W8A8_knee,168,38,-0.791241
W8A8_knee,168,39,0.30938
W8A8_knee,168,40,-0.759658
W8A8_knee,168,41,-0.18283
W8A8_knee,168,42,-0.293396
W8A8_knee,168,43,2.10849
W8A8_knee,168,44,-0.578203
W8A8_knee,168,45,-0.0407227
W8A8_knee,168,46,1.74874
W8A8_span1,24,0,0.182933
W8A8_span1,24,1,0.160281
W8A8_span1,24,2,0.12822
W8A8_span1,24,3,0.187362
W8A8_span1,24,4,-0.00143903
W8A8_span1,24,5,0.452238
W8A8_span1,24,6,0.303673
W8A8_span1,24,7,0.212013
W8A8_span1,24,8,0.334168
W8A8_span1,24,9,0.26995
W8A8_span1,24,10,0.317817
W8A8_span1,24,11,0.0869921
W8A8_span1,24,12,0.412036
W8A8_span1,24,13,0.224996
W8A8_span1,24,14,0.374962
W8A8_span1,24,15,0.0101227
W8A8_span1,24,16,0.218639
W8A8_span1,24,17,0.191388
W8A8_span1,24,18,0.165997
W8A8_span1,24,19,0.28378
W8A8_span1,24,20,0.0789286
W8A8_span1,24,21,0.219738
W8A8_span1,24,22,0.21671
W8A8_span1,24,23,0.226811
W8A8_span1,24,24,0.162387
W8A8_span1,24,25,0.253474
W8A8_span1,24,26,0.160213
W8A8_span1,24,27,0.0831786
W8A8_span1,24,28,0.328402
W8A8_span1,24,29,0.344435
W8A8_span1,24,30,0.368005
W8A8_span1,24,31,0.252382
W8A8_span1,24,32,0.110222
W8A8_span1,24,33,0.27213
W8A8_span1,24,34,0.0199027
W8A8_span1,24,35,0.271645
W8A8_span1,24,36,0.387703
W8A8_span1,24,37,0.0923476
W8A8_span1,24,38,0.250659
W8A8_span1,24,39,0.193258
W8A8_span1,24,40,0.456622
W8A8_span1,24,41,0.380897
W8A8_span1,24,42,0.252347
W8A8_span1,24,43,0.352615
W8A8_span1,24,44,0.22958
W8A8_span1,24,45,0.235163
W8A8_span1,24,46,0.382763
W8A8_span1,72,0,0.907062
W8A8_span1,72,1,0.422999
W8A8_span1,72,2,0.0554286
W8A8_span1,72,3,-0.154171
W8A8_span1,72,4,0.286382
W8A8_span1,72,5,0.370061
W8A8_span1,72,6,0.296664
W8A8_span1,72,7,-1.52039
W8A8_span1,72,8,-0.0511857
W8A8_span1,72,9,-0.0490252
W8A8_span1,72,10,-0.224618
W8A8_span1,72,11,0.104707
W8A8_span1,72,12,0.65451
W8A8_span1,72,13,0.220681
W8A8_span1,72,14,0.150172
W8A8_span1,72,15,-0.319091
W8A8_span1,72,16,0.199479
W8A8_span1,72,17,0.241357
W8A8_span1,72,18,0.111976
W8A8_span1,72,19,0.472309
W8A8_span1,72,20,0.553464
W8A8_span1,72,21,0.0938722
W8A8_span1,72,22,-0.222709
W8A8_span1,72,23,-0.340685
W8A8_span1,72,24,0.0792654
W8A8_span1,72,25,-0.394312
W8A8_span1,72,26,0.076906
W8A8_span1,72,27,0.238233
W8A8_span1,72,28,0.753663
W8A8_span1,72,29,0.481004
W8A8_span1,72,30,-0.160031
W8A8_span1,72,31,0.344313
W8A8_span1,72,32,0.197637
W8A8_span1,72,33,-0.017485
W8A8_span1,72,34,-0.460781
W8A8_span1,72,35,0.583759
W8A8_span1,72,36,0.734177
W8A8_span1,72,37,-0.0785184
W8A8_span1,72,38,-0.278067
W8A8_span1,72,39,0.460832
W8A8_span1,72,40,0.930445
W8A8_span1,72,41,0.703326
W8A8_span1,72,42,0.0691632
W8A8_span1,72,43,0.935034
W8A8_span1,72,44,0.424127
W8A8_span1,72,45,0.499592
W8A8_span1,72,46,0.487981
W8A8_span1,120,0,1.16635
W8A8_span1,120,1,0.655685
W8A8_span1,120,2,0.354566
W8A8_span1,120,3,0.154806
W8A8_span1,120,4,0.497941
W8A8_span1,120,5,0.019543
W8A8_span1,120,6,0.494653
W8A8_span1,120,7,-1.51318
W8A8_span1,120,8,-0.392885
W8A8_span1,120,9,-0.703959
W8A8_span1,120,10,-0.382761
W8A8_span1,120,11,0.0828325
W8A8_span1,120,12,1.42177
W8A8_span1,120,13,-0.796724
W8A8_span1,120,14,-0.503281
W8A8_span1,120,15,-0.281565
W8A8_span1,120,16,0.90933
W8A8_span1,120,17,-0.164407
W8A8_span1,120,18,-0.559349
W8A8_span1,120,19,0.270007
W8A8_span1,120,20,0.563358
W8A8_span1,120,21,0.0153461
W8A8_span1,120,22,-0.530089
W8A8_span1,120,23,-0.190474
W8A8_span1,120,24,-0.333332
W8A8_span1,120,25,0.425403
W8A8_span1,120,26,0.159297
W8A8_span1,120,27,0.018981
W8A8_span1,120,28,0.998205
W8A8_span1,120,29,0.0847508
W8A8_span1,120,30,-0.194717
W8A8_span1,120,31,-0.339893
W8A8_span1,120,32,-0.14478
W8A8_span1,120,33,0.320324
W8A8_span1,120,34,-0.927974
W8A8_span1,120,35,0.764288
W8A8_span1,120,36,0.11227
W8A8_span1,120,37,-0.106097
W8A8_span1,120,38,0.210607
W8A8_span1,120,39,1.22025
W8A8_span1,120,40,1.16624
W8A8_span1,120,41,0.0771607
W8A8_span1,120,42,-0.47097
W8A8_span1,120,43,0.918085
W8A8_span1,120,44,1.58234
W8A8_span1,120,45,1.95796
W8A8_span1,120,46,0.920557
W8A8_span1,168,0,0.674985
W8A8_span1,168,1,0.775238
W8A8_span1,168,2,-0.952859
W8A8_span1,168,3,0.542278
W8A8_span1,168,4,-0.38141
W8A8_span1,168,5,0.0882997
W8A8_span1,168,6,0.40444
W8A8_span1,168,7,-0.0157364
W8A8_span1,168,8,-0.964983
W8A8_span1,168,9,-0.805736
W8A8_span1,168,10,-0.804272
W8A8_span1,168,11,1.12147
W8A8_span1,168,12,1.48358
W8A8_span1,168,13,-1.45021
W8A8_span1,168,14,-1.06457
W8A8_span1,168,15,0.477289
W8A8_span1,168,16,-0.214191
W8A8_span1,168,17,1.18199
W8A8_span1,168,18,0.399997
W8A8_span1,168,19,-0.258491
W8A8_span1,168,20,0.00683639
W8A8_span1,168,21,-0.465215
W8A8_span1,168,22,-0.0478512
W8A8_span1,168,23,0.201426
W8A8_span1,168,24,0.290203
W8A8_span1,168,25,0.303927
W8A8_span1,168,26,0.641527
W8A8_span1,168,27,-1.26451
W8A8_span1,168,28,1.21853
W8A8_span1,168,29,0.219548
W8A8_span1,168,30,-0.602508
W8A8_span1,168,31,0.382594
W8A8_span1,168,32,-0.174845
W8A8_span1,168,33,-0.473654
W8A8_span1,168,34,-0.553562
W8A8_span1,168,35,0.602366
W8A8_span1,168,36,-0.115506
W8A8_span1,168,37,-0.672615
W8A8_span1,168,38,0.132562
W8A8_span1,168,39,1.31675
W8A8_span1,168,40,0.039626
W8A8_span1,168,41,-0.498339
W8A8_span1,168,42,-0.993258
W8A8_span1,168,43,1.17755
W8A8_span1,168,44,1.86839
W8A8_span1,168,45,1.46138
W8A8_span1,168,46,1.95542
W8A8_span2,24,0,0.082405
W8A8_span2,24,1,0.131667
W8A8_span2,24,2,0.0969305
W8A8_span2,24,3,0.135305
W8A8_span2,24,4,0.0439135
W8A8_span2,24,5,0.327787
W8A8_span2,24,6,0.218325
W8A8_span2,24,7,0.0783383
W8A8_span2,24,8,0.163743
W8A8_span2,24,9,0.223905
W8A8_span2,24,10,0.205429
W8A8_span2,24,11,-0.0255935
W8A8_span2,24,12,0.228691
W8A8_span2,24,13,0.188489
W8A8_span2,24,14,0.160367
W8A8_span2,24,15,-0.0531191
W8A8_span2,24,16,0.271864
W8A8_span2,24,17,0.194096
W8A8_span2,24,18,0.121566
W8A8_span2,24,19,0.236526
W8A8_span2,24,20,0.0201436
W8A8_span2,24,21,0.14863
W8A8_span2,24,22,0.0747776
W8A8_span2,24,23,0.0977083
W8A8_span2,24,24,0.170779
W8A8_span2,24,25,0.0878015
W8A8_span2,24,26,0.191894
W8A8_span2,24,27,0.0541406
W8A8_span2,24,28,0.209083
W8A8_span2,24,29,0.236672
W8A8_span2,24,30,0.0540236
W8A8_span2,24,31,-0.0151655
W8A8_span2,24,32,-0.0297586
W8A8_span2,24,33,0.141369
W8A8_span2,24,34,0.0422603
W8A8_span2,24,35,0.128443
W8A8_span2,24,36,0.203582
W8A8_span2,24,37,0.157703
W8A8_span2,24,38,0.304834
W8A8_span2,24,39,0.158105
W8A8_span2,24,40,0.239293
W8A8_span2,24,41,0.232482
W8A8_span2,24,42,0.164915
W8A8_span2,24,43,0.228704
W8A8_span2,24,44,0.139067
W8A8_span2,24,45,0.0163182
W8A8_span2,24,46,0.180216
W8A8_span2,72,0,0.292094
W8A8_span2,72,1,-0.0518124
W8A8_span2,72,2,-0.184135
W8A8_span2,72,3,0.390956
W8A8_span2,72,4,0.158722
W8A8_span2,72,5,0.0249011
W8A8_span2,72,6,0.474864
W8A8_span2,72,7,-1.17651
W8A8_span2,72,8,-0.069297
W8A8_span2,72,9,-0.651971
W8A8_span2,72,10,-0.237499
W8A8_span2,72,11,-0.128786
W8A8_span2,72,12,0.453233
W8A8_span2,72,13,0.180646
W8A8_span2,72,14,-0.294757
W8A8_span2,72,15,-0.252116
W8A8_span2,72,16,0.305201
W8A8_span2,72,17,0.132157
W8A8_span2,72,18,-0.258362
W8A8_span2,72,19,0.221184
W8A8_span2,72,20,0.0286458
W8A8_span2,72,21,-0.168161
W8A8_span2,72,22,-0.00130085
W8A8_span2,72,23,0.211413
W8A8_span2,72,24,-0.0866683
W8A8_span2,72,25,-0.0655163
W8A8_span2,72,26,0.459955
W8A8_span2,72,27,0.295109
W8A8_span2,72,28,0.510622
W8A8_span2,72,29,0.574908
W8A8_span2,72,30,-0.0655318
W8A8_span2,72,31,-0.38419
W8A8_span2,72,32,0.18214
W8A8_span2,72,33,-0.0369205
W8A8_span2,72,34,-0.0286353
W8A8_span2,72,35,0.408494
W8A8_span2,72,36,0.376204
W8A8_span2,72,37,-0.0985577
W8A8_span2,72,38,0.327526
W8A8_span2,72,39,0.387921
W8A8_span2,72,40,0.679603
W8A8_span2,72,41,0.602803
W8A8_span2,72,42,0.102023
W8A8_span2,72,43,0.188245
W8A8_span2,72,44,0.184337
W8A8_span2,72,45,0.203341
W8A8_span2,72,46,0.574372
W8A8_span2,120,0,0.432824
W8A8_span2,120,1,0.00845216
W8A8_span2,120,2,0.23802
W8A8_span2,120,3,0.477489
W8A8_span2,120,4,0.333235
W8A8_span2,120,5,0.274409
W8A8_span2,120,6,-0.0854838
W8A8_span2,120,7,-1.27586
W8A8_span2,120,8,-0.141208
W8A8_span2,120,9,-0.906119
W8A8_span2,120,10,-0.349733
W8A8_span2,120,11,-0.274249
W8A8_span2,120,12,0.781373
W8A8_span2,120,13,-0.330941
W8A8_span2,120,14,-0.288644
W8A8_span2,120,15,-0.101575
W8A8_span2,120,16,1.12317
W8A8_span2,120,17,-0.390045
W8A8_span2,120,18,-1.17343
W8A8_span2,120,19,0.00982236
W8A8_span2,120,20,-0.12971
W8A8_span2,120,21,-0.391246
W8A8_span2,120,22,-0.157275
W8A8_span2,120,23,-0.464905
W8A8_span2,120,24,-0.0421104
W8A8_span2,120,25,0.439603
W8A8_span2,120,26,0.513537
W8A8_span2,120,27,0.545602
W8A8_span2,120,28,0.998122
W8A8_span2,120,29,0.0976872
W8A8_span2,120,30,-0.787884
W8A8_span2,120,31,-0.403711
W8A8_span2,120,32,0.106049
W8A8_span2,120,33,-0.227176
W8A8_span2,120,34,-0.0892317
W8A8_span2,120,35,0.618503
W8A8_span2,120,36,-0.299101
W8A8_span2,120,37,0.15699
W8A8_span2,120,38,0.514593
W8A8_span2,120,39,0.799851
W8A8_span2,120,40,1.00666
W8A8_span2,120,41,0.0462473
W8A8_span2,120,42,-0.291674
W8A8_span2,120,43,0.369217
W8A8_span2,120,44,0.109023
W8A8_span2,120,45,0.409729
W8A8_span2,120,46,1.1093
W8A8_span2,168,0,-0.393587
W8A8_span2,168,1,-0.22161
W8A8_span2,168,2,-0.700743
W8A8_span2,168,3,-0.721162
W8A8_span2,168,4,0.0275091
W8A8_span2,168,5,0.500097
W8A8_span2,168,6,0.449318
W8A8_span2,168,7,0.581023
W8A8_span2,168,8,-0.923166
W8A8_span2,168,9,-1.25206
W8A8_span2,168,10,-0.433299
W8A8_span2,168,11,0.161277
W8A8_span2,168,12,0.296664
W8A8_span2,168,13,-0.941955
W8A8_span2,168,14,-0.985467
W8A8_span2,168,15,0.231042
W8A8_span2,168,16,-0.51506
W8A8_span2,168,17,0.784551
W8A8_span2,168,18,-0.508171
W8A8_span2,168,19,0.0814342
W8A8_span2,168,20,-0.1036
W8A8_span2,168,21,-0.433393
W8A8_span2,168,22,0.169615
W8A8_span2,168,23,-0.286515
W8A8_span2,168,24,0.169493
W8A8_span2,168,25,0.190063
W8A8_span2,168,26,0.939212
W8A8_span2,168,27,0.0826096
W8A8_span2,168,28,1.35221
W8A8_span2,168,29,0.617792
W8A8_span2,168,30,-0.401156
W8A8_span2,168,31,-0.0544988
W8A8_span2,168,32,0.0454455
W8A8_span2,168,33,-0.285601
W8A8_span2,168,34,-0.803559
W8A8_span2,168,35,0.797819
W8A8_span2,168,36,-0.41254
W8A8_span2,168,37,-0.650909
W8A8_span2,168,38,0.416041
W8A8_span2,168,39,0.492357
W8A8_span2,168,40,0.673832
W8A8_span2,168,41,-0.253074
W8A8_span2,168,42,-0.830429
W8A8_span2,168,43,1.39628
W8A8_span2,168,44,-0.138964
W8A8_span2,168,45,-0.207343
W8A8_span2,168,46,1.3638
W8A8_span3,24,0,0.110692
W8A8_span3,24,1,0.139977
W8A8_span3,24,2,0.0607609
W8A8_span3,24,3,0.0786829
W8A8_span3,24,4,0.0240696
W8A8_span3,24,5,0.105859
W8A8_span3,24,6,0.107207
W8A8_span3,24,7,0.128497
W8A8_span3,24,8,0.160322
W8A8_span3,24,9,0.0363984
W8A8_span3,24,10,0.0271074
W8A8_span3,24,11,0.0793279
W8A8_span3,24,12,0.0690558
W8A8_span3,24,13,0.00979131
W8A8_span3,24,14,0.167757
W8A8_span3,24,15,0.0176111
W8A8_span3,24,16,0.147146
W8A8_span3,24,17,0.182294
W8A8_span3,24,18,0.122053
W8A8_span3,24,19,0.129974
W8A8_span3,24,20,0.0405425
W8A8_span3,24,21,0.0313079
W8A8_span3,24,22,0.0429421
W8A8_span3,24,23,0.021391
W8A8_span3,24,24,0.0956916
W8A8_span3,24,25,0.135501
W8A8_span3,24,26,0.0248251
W8A8_span3,24,27,-0.00396101
W8A8_span3,24,28,0.0407654
W8A8_span3,24,29,0.131099
W8A8_span3,24,30,0.0706628
W8A8_span3,24,31,0.179344
W8A8_span3,24,32,-0.0394216
W8A8_span3,24,33,0.0299349
W8A8_span3,24,34,0.152773
W8A8_span3,24,35,0.220056
W8A8_span3,24,36,0.170175
W8A8_span3,24,37,0.094266
W8A8_span3,24,38,0.283837
W8A8_span3,24,39,0.00838604
W8A8_span3,24,40,0.108484
W8A8_span3,24,41,0.0745199
W8A8_span3,24,42,0.0965423
W8A8_span3,24,43,0.205499
W8A8_span3,24,44,0.0835826
W8A8_span3,24,45,0.157189
W8A8_span3,24,46,0.100213
W8A8_span3,72,0,-0.0266604
W8A8_span3,72,1,-0.093041
W8A8_span3,72,2,0.406384
W8A8_span3,72,3,0.0932648
W8A8_span3,72,4,0.37452
W8A8_span3,72,5,-0.217792
W8A8_span3,72,6,0.177609
W8A8_span3,72,7,-0.173151
W8A8_span3,72,8,0.145207
W8A8_span3,72,9,-0.34517
W8A8_span3,72,10,-0.0923675
W8A8_span3,72,11,-0.29239
W8A8_span3,72,12,0.186728
W8A8_span3,72,13,-0.208328
W8A8_span3,72,14,0.31046
W8A8_span3,72,15,0.142569
W8A8_span3,72,16,0.135789
W8A8_span3,72,17,-0.10843
W8A8_span3,72,18,-0.0363945
W8A8_span3,72,19,-0.126322
W8A8_span3,72,20,0.155159
W8A8_span3,72,21,0.16691
W8A8_span3,72,22,0.0311855
W8A8_span3,72,23,-0.39441
W8A8_span3,72,24,0.0881877
W8A8_span3,72,25,-0.236119
W8A8_span3,72,26,0.00195019
W8A8_span3,72,27,0.265621
W8A8_span3,72,28,0.35073
W8A8_span3,72,29,0.2138
W8A8_span3,72,30,-0.0233518
W8A8_span3,72,31,-0.0676259
W8A8_span3,72,32,-0.122967
W8A8_span3,72,33,0.122618
W8A8_span3,72,34,0.0194433
W8A8_span3,72,35,0.24246
W8A8_span3,72,36,0.399815
W8A8_span3,72,37,-0.0669353
W8A8_span3,72,38,0.17606
W8A8_span3,72,39,0.318492
W8A8_span3,72,40,0.243778
W8A8_span3,72,41,-0.159394
W8A8_span3,72,42,0.0302961
W8A8_span3,72,43,0.678133
W8A8_span3,72,44,0.199416
W8A8_span3,72,45,-0.185531
W8A8_span3,72,46,0.118179
W8A8_span3,120,0,0.00556915
W8A8_span3,120,1,0.143241
W8A8_span3,120,2,0.851323
W8A8_span3,120,3,0.119229
W8A8_span3,120,4,0.625361
W8A8_span3,120,5,-0.256155
W8A8_span3,120,6,-0.406043
W8A8_span3,120,7,0.13051
W8A8_span3,120,8,0.224182
W8A8_span3,120,9,-0.0154786
W8A8_span3,120,10,-0.258821
W8A8_span3,120,11,-0.230656
W8A8_span3,120,12,0.617069
W8A8_span3,120,13,-0.431177
W8A8_span3,120,14,0.357255
W8A8_span3,120,15,0.323076
W8A8_span3,120,16,0.0979591
W8A8_span3,120,17,-0.330006
W8A8_span3,120,18,-0.542299
W8A8_span3,120,19,-0.653158
W8A8_span3,120,20,-0.254262
W8A8_span3,120,21,0.0697236
W8A8_span3,120,22,-0.0491142
W8A8_span3,120,23,-0.474156
W8A8_span3,120,24,-0.129116
W8A8_span3,120,25,0.117023
W8A8_span3,120,26,-0.0974369
W8A8_span3,120,27,0.1635
W8A8_span3,120,28,-0.276983
W8A8_span3,120,29,-0.0409794
W8A8_span3,120,30,0.0843575
W8A8_span3,120,31,0.142564
W8A8_span3,120,32,-0.217149
W8A8_span3,120,33,-0.0302219
W8A8_span3,120,34,0.135473
W8A8_span3,120,35,0.0627763
W8A8_span3,120,36,0.00939348
W8A8_span3,120,37,-0.120003
W8A8_span3,120,38,0.201873
W8A8_span3,120,39,0.38667
W8A8_span3,120,40,0.0731123
W8A8_span3,120,41,0.173667
W8A8_span3,120,42,-0.195257
W8A8_span3,120,43,0.198846
W8A8_span3,120,44,0.335735
W8A8_span3,120,45,-0.249782
W8A8_span3,120,46,0.642206
W8A8_span3,168,0,0.687411
W8A8_span3,168,1,0.632513
W8A8_span3,168,2,0.0557135
W8A8_span3,168,3,-0.509116
W8A8_span3,168,4,-0.0975333
W8A8_span3,168,5,-0.231398
W8A8_span3,168,6,0.496389
W8A8_span3,168,7,0.230484
W8A8_span3,168,8,-0.0140646
W8A8_span3,168,9,-0.239017
W8A8_span3,168,10,-0.254098
W8A8_span3,168,11,0.0694815
W8A8_span3,168,12,0.446986
W8A8_span3,168,13,-0.956176
W8A8_span3,168,14,-0.39404
W8A8_span3,168,15,0.17073
W8A8_span3,168,16,-0.407789
W8A8_span3,168,17,0.308686
W8A8_span3,168,18,-0.234762
W8A8_span3,168,19,-1.02935
W8A8_span3,168,20,-0.374367
W8A8_span3,168,21,0.62718
W8A8_span3,168,22,-0.171058
W8A8_span3,168,23,-0.157089
W8A8_span3,168,24,0.519363
W8A8_span3,168,25,0.313638
W8A8_span3,168,26,-0.0563967
W8A8_span3,168,27,0.0479534
W8A8_span3,168,28,-0.360581
W8A8_span3,168,29,-0.59722
W8A8_span3,168,30,0.132486
W8A8_span3,168,31,0.734694
W8A8_span3,168,32,0.0226897
W8A8_span3,168,33,0.0525829
W8A8_span3,168,34,0.175645
W8A8_span3,168,35,0.194051
W8A8_span3,168,36,-0.103836
W8A8_span3,168,37,-0.565666
W8A8_span3,168,38,0.0798297
W8A8_span3,168,39,0.448437
W8A8_span3,168,40,0.139465
W8A8_span3,168,41,-0.41574
W8A8_span3,168,42,0.0505903
W8A8_span3,168,43,0.844499
W8A8_span3,168,44,0.203848
W8A8_span3,168,45,-0.0422856
W8A8_span3,168,46,0.453999
W8A8_rmse_span1,24,0,0.319751
W8A8_rmse_span1,24,1,0.326011
W8A8_rmse_span1,24,2,0.278886
W8A8_rmse_span1,24,3,0.532595
W8A8_rmse_span1,24,4,0.228086
W8A8_rmse_span1,24,5,0.532969
W8A8_rmse_span1,24,6,0.515427
W8A8_rmse_span1,24,7,0.358694
W8A8_rmse_span1,24,8,0.438218
W8A8_rmse_span1,24,9,0.507229
W8A8_rmse_span1,24,10,0.356399
W8A8_rmse_span1,24,11,0.242579
W8A8_rmse_span1,24,12,0.411029
W8A8_rmse_span1,24,13,0.455899
W8A8_rmse_span1,24,14,0.396457
W8A8_rmse_span1,24,15,0.160962
W8A8_rmse_span1,24,16,0.570773
W8A8_rmse_span1,24,17,0.310914
W8A8_rmse_span1,24,18,0.429365
W8A8_rmse_span1,24,19,0.479566
W8A8_rmse_span1,24,20,0.221068
W8A8_rmse_span1,24,21,0.33415
W8A8_rmse_span1,24,22,0.246492
W8A8_rmse_span1,24,23,0.309664
W8A8_rmse_span1,24,24,0.392753
W8A8_rmse_span1,24,25,0.276043
W8A8_rmse_span1,24,26,0.405535
W8A8_rmse_span1,24,27,0.22235
W8A8_rmse_span1,24,28,0.439615
W8A8_rmse_span1,24,29,0.491874
W8A8_rmse_span1,24,30,0.262517
W8A8_rmse_span1,24,31,0.131968
W8A8_rmse_span1,24,32,0.227435
W8A8_rmse_span1,24,33,0.334566
W8A8_rmse_span1,24,34,0.249409
W8A8_rmse_span1,24,35,0.325379
W8A8_rmse_span1,24,36,0.370243
W8A8_rmse_span1,24,37,0.412755
W8A8_rmse_span1,24,38,0.527136
W8A8_rmse_span1,24,39,0.461263
W8A8_rmse_span1,24,40,0.470541
W8A8_rmse_span1,24,41,0.575911
W8A8_rmse_span1,24,42,0.420597
W8A8_rmse_span1,24,43,0.467601
W8A8_rmse_span1,24,44,0.3117
W8A8_rmse_span1,24,45,0.33601
W8A8_rmse_span1,24,46,0.375298
W8A8_rmse_span1,72,0,0.278625
W8A8_rmse_span1,72,1,-0.0143967
W8A8_rmse_span1,72,2,0.0503773
W8A8_rmse_span1,72,3,0.657265
W8A8_rmse_span1,72,4,-0.239034
W8A8_rmse_span1,72,5,0.658676
W8A8_rmse_span1,72,6,0.318672
W8A8_rmse_span1,72,7,-1.41849
W8A8_rmse_span1,72,8,-0.00297244
W8A8_rmse_span1,72,9,-0.0716459
W8A8_rmse_span1,72,10,0.168786
W8A8_rmse_span1,72,11,0.0105531
W8A8_rmse_span1,72,12,0.00987215
W8A8_rmse_span1,72,13,0.0853515
W8A8_rmse_span1,72,14,-0.10383
W8A8_rmse_span1,72,15,0.0601193
W8A8_rmse_span1,72,16,0.394926
W8A8_rmse_span1,72,17,0.19957
W8A8_rmse_span1,72,18,0.150036
W8A8_rmse_span1,72,19,0.100629
W8A8_rmse_span1,72,20,-0.0940237
W8A8_rmse_span1,72,21,-0.107047
W8A8_rmse_span1,72,22,0.479151
W8A8_rmse_span1,72,23,0.0506578
W8A8_rmse_span1,72,24,-0.0854557
W8A8_rmse_span1,72,25,0.0649021
W8A8_rmse_span1,72,26,0.481038
W8A8_rmse_span1,72,27,0.395934
W8A8_rmse_span1,72,28,0.799158
W8A8_rmse_span1,72,29,0.132105
W8A8_rmse_span1,72,30,-0.232456
W8A8_rmse_span1,72,31,0.0108424
W8A8_rmse_span1,72,32,0.301522
W8A8_rmse_span1,72,33,0.184211
W8A8_rmse_span1,72,34,0.220253
W8A8_rmse_span1,72,35,0.213306
W8A8_rmse_span1,72,36,0.580823
W8A8_rmse_span1,72,37,0.580843
W8A8_rmse_span1,72,38,0.551146
W8A8_rmse_span1,72,39,0.822082
W8A8_rmse_span1,72,40,1.11723
W8A8_rmse_span1,72,41,0.871279
W8A8_rmse_span1,72,42,0.287482
W8A8_rmse_span1,72,43,0.12066
W8A8_rmse_span1,72,44,0.190392
W8A8_rmse_span1,72,45,0.355203
W8A8_rmse_span1,72,46,0.459434
W8A8_rmse_span1,120,0,-0.392642
W8A8_rmse_span1,120,1,-0.376782
W8A8_rmse_span1,120,2,0.225012
W8A8_rmse_span1,120,3,0.595013
W8A8_rmse_span1,120,4,0.555309
W8A8_rmse_span1,120,5,-0.0553283
W8A8_rmse_span1,120,6,0.249692
W8A8_rmse_span1,120,7,-1.35327
W8A8_rmse_span1,120,8,0.441499
W8A8_rmse_span1,120,9,-0.524881
W8A8_rmse_span1,120,10,-0.405352
W8A8_rmse_span1,120,11,0.344861
W8A8_rmse_span1,120,12,-0.0737413
W8A8_rmse_span1,120,13,-0.529817
W8A8_rmse_span1,120,14,-0.233845
W8A8_rmse_span1,120,15,-0.265017
W8A8_rmse_span1,120,16,2.06791
W8A8_rmse_span1,120,17,0.0894457
W8A8_rmse_span1,120,18,-0.563221
W8A8_rmse_span1,120,19,-0.043744
W8A8_rmse_span1,120,20,-0.167856
W8A8_rmse_span1,120,21,-0.720687
W8A8_rmse_span1,120,22,0.199658
W8A8_rmse_span1,120,23,-0.0493536
W8A8_rmse_span1,120,24,-0.424859
W8A8_rmse_span1,120,25,0.287425
W8A8_rmse_span1,120,26,0.140315
W8A8_rmse_span1,120,27,0.172076
W8A8_rmse_span1,120,28,0.981058
W8A8_rmse_span1,120,29,-0.18378
W8A8_rmse_span1,120,30,-0.578739
W8A8_rmse_span1,120,31,0.0878445
W8A8_rmse_span1,120,32,0.639922
W8A8_rmse_span1,120,33,0.270639
W8A8_rmse_span1,120,34,0.446672
W8A8_rmse_span1,120,35,0.305242
W8A8_rmse_span1,120,36,-0.00801034
W8A8_rmse_span1,120,37,0.642737
W8A8_rmse_span1,120,38,0.587688
W8A8_rmse_span1,120,39,1.51517
W8A8_rmse_span1,120,40,0.991246
W8A8_rmse_span1,120,41,0.152914
W8A8_rmse_span1,120,42,-0.452732
W8A8_rmse_span1,120,43,0.0492455
W8A8_rmse_span1,120,44,-0.010238
W8A8_rmse_span1,120,45,-0.17103
W8A8_rmse_span1,120,46,0.822027
W8A8_rmse_span1,168,0,-1.48891
W8A8_rmse_span1,168,1,-0.839941
W8A8_rmse_span1,168,2,0.256158
W8A8_rmse_span1,168,3,-0.597436
W8A8_rmse_span1,168,4,-0.206958
W8A8_rmse_span1,168,5,-0.331593
W8A8_rmse_span1,168,6,0.147694
W8A8_rmse_span1,168,7,0.160554
W8A8_rmse_span1,168,8,0.422931
W8A8_rmse_span1,168,9,-0.419322
W8A8_rmse_span1,168,10,-0.950939
W8A8_rmse_span1,168,11,1.85276
W8A8_rmse_span1,168,12,0.288393
W8A8_rmse_span1,168,13,-1.42632
W8A8_rmse_span1,168,14,-1.11525
W8A8_rmse_span1,168,15,-0.0963037
W8A8_rmse_span1,168,16,-0.0565952
W8A8_rmse_span1,168,17,0.367851
W8A8_rmse_span1,168,18,0.685968
W8A8_rmse_span1,168,19,0.222023
W8A8_rmse_span1,168,20,-0.291181
W8A8_rmse_span1,168,21,-1.24981
W8A8_rmse_span1,168,22,0.400047
W8A8_rmse_span1,168,23,0.801227
W8A8_rmse_span1,168,24,0.0643238
W8A8_rmse_span1,168,25,-0.460273
W8A8_rmse_span1,168,26,0.184567
W8A8_rmse_span1,168,27,0.174494
W8A8_rmse_span1,168,28,1.26926
W8A8_rmse_span1,168,29,0.151875
W8A8_rmse_span1,168,30,0.150882
W8A8_rmse_span1,168,31,0.61052
W8A8_rmse_span1,168,32,1.08652
W8A8_rmse_span1,168,33,-0.12176
W8A8_rmse_span1,168,34,-0.574379
W8A8_rmse_span1,168,35,-0.069227
W8A8_rmse_span1,168,36,-0.465943
W8A8_rmse_span1,168,37,-0.147841
W8A8_rmse_span1,168,38,0.28254
W8A8_rmse_span1,168,39,0.416473
W8A8_rmse_span1,168,40,0.463893
W8A8_rmse_span1,168,41,-0.20988
W8A8_rmse_span1,168,42,-0.991733
W8A8_rmse_span1,168,43,0.727435
W8A8_rmse_span1,168,44,0.224282
W8A8_rmse_span1,168,45,-0.297655
W8A8_rmse_span1,168,46,1.08188
W8A8_rmse_span2,24,0,0.184886
W8A8_rmse_span2,24,1,0.194341
W8A8_rmse_span2,24,2,0.237518
W8A8_rmse_span2,24,3,0.341714
W8A8_rmse_span2,24,4,0.286719
W8A8_rmse_span2,24,5,0.122247
W8A8_rmse_span2,24,6,0.335127
W8A8_rmse_span2,24,7,0.288437
W8A8_rmse_span2,24,8,0.359566
W8A8_rmse_span2,24,9,0.24683
W8A8_rmse_span2,24,10,0.14139
W8A8_rmse_span2,24,11,0.322008
W8A8_rmse_span2,24,12,0.321816
W8A8_rmse_span2,24,13,0.199967
W8A8_rmse_span2,24,14,0.28475
W8A8_rmse_span2,24,15,0.127137
W8A8_rmse_span2,24,16,0.269647
W8A8_rmse_span2,24,17,0.30517
W8A8_rmse_span2,24,18,0.279405
W8A8_rmse_span2,24,19,0.222222
W8A8_rmse_span2,24,20,0.208384
W8A8_rmse_span2,24,21,0.243254
W8A8_rmse_span2,24,22,0.092947
W8A8_rmse_span2,24,23,0.286549
W8A8_rmse_span2,24,24,0.193909
W8A8_rmse_span2,24,25,0.152004
W8A8_rmse_span2,24,26,0.0951904
W8A8_rmse_span2,24,27,0.188743
W8A8_rmse_span2,24,28,0.274077
W8A8_rmse_span2,24,29,0.311775
W8A8_rmse_span2,24,30,0.145578
W8A8_rmse_span2,24,31,0.17197
W8A8_rmse_span2,24,32,0.265237
W8A8_rmse_span2,24,33,0.158159
W8A8_rmse_span2,24,34,0.273829
W8A8_rmse_span2,24,35,0.228764
W8A8_rmse_span2,24,36,0.197388
W8A8_rmse_span2,24,37,0.324902
W8A8_rmse_span2,24,38,0.252579
W8A8_rmse_span2,24,39,0.307966
W8A8_rmse_span2,24,40,0.300295
W8A8_rmse_span2,24,41,0.264352
W8A8_rmse_span2,24,42,0.219079
W8A8_rmse_span2,24,43,0.174666
W8A8_rmse_span2,24,44,0.255623
W8A8_rmse_span2,24,45,0.323254
W8A8_rmse_span2,24,46,0.287903
W8A8_rmse_span2,72,0,0.323789
W8A8_rmse_span2,72,1,0.161907
W8A8_rmse_span2,72,2,0.275876
W8A8_rmse_span2,72,3,0.0971547
W8A8_rmse_span2,72,4,-0.0949917
W8A8_rmse_span2,72,5,0.171825
W8A8_rmse_span2,72,6,-0.00955571
W8A8_rmse_span2,72,7,-0.457558
W8A8_rmse_span2,72,8,0.338582
W8A8_rmse_span2,72,9,-0.201048
W8A8_rmse_span2,72,10,0.0302293
W8A8_rmse_span2,72,11,0.0493785
W8A8_rmse_span2,72,12,0.11514
W8A8_rmse_span2,72,13,-0.185601
W8A8_rmse_span2,72,14,0.0858129
W8A8_rmse_span2,72,15,-0.0597689
W8A8_rmse_span2,72,16,0.152571
W8A8_rmse_span2,72,17,0.416517
W8A8_rmse_span2,72,18,0.45055
W8A8_rmse_span2,72,19,0.155716
W8A8_rmse_span2,72,20,0.0875544
W8A8_rmse_span2,72,21,-0.129683
W8A8_rmse_span2,72,22,0.0289518
W8A8_rmse_span2,72,23,0.0272936
W8A8_rmse_span2,72,24,0.26783
W8A8_rmse_span2,72,25,0.0461523
W8A8_rmse_span2,72,26,0.105031
W8A8_rmse_span2,72,27,0.117189
W8A8_rmse_span2,72,28,0.0438779
W8A8_rmse_span2,72,29,0.202222
W8A8_rmse_span2,72,30,0.0641414
W8A8_rmse_span2,72,31,0.379268
W8A8_rmse_span2,72,32,0.358376
W8A8_rmse_span2,72,33,-0.0672815
W8A8_rmse_span2,72,34,0.358245
W8A8_rmse_span2,72,35,0.0741076
W8A8_rmse_span2,72,36,0.356153
W8A8_rmse_span2,72,37,0.229968
W8A8_rmse_span2,72,38,0.343914
W8A8_rmse_span2,72,39,0.128089
W8A8_rmse_span2,72,40,0.127226
W8A8_rmse_span2,72,41,0.144549
W8A8_rmse_span2,72,42,0.300883
W8A8_rmse_span2,72,43,-0.265809
W8A8_rmse_span2,72,44,0.362579
W8A8_rmse_span2,72,45,0.261274
W8A8_rmse_span2,72,46,0.0367356
W8A8_rmse_span2,120,0,0.461273
W8A8_rmse_span2,120,1,-0.0952953
W8A8_rmse_span2,120,2,0.251736
W8A8_rmse_span2,120,3,0.188094
W8A8_rmse_span2,120,4,0.582065
W8A8_rmse_span2,120,5,0.0468929
W8A8_rmse_span2,120,6,0.407571
W8A8_rmse_span2,120,7,-0.665976
W8A8_rmse_span2,120,8,0.508112
W8A8_rmse_span2,120,9,-0.261316
W8A8_rmse_span2,120,10,-0.0367971
W8A8_rmse_span2,120,11,0.28842
W8A8_rmse_span2,120,12,0.222532
W8A8_rmse_span2,120,13,-0.261612
W8A8_rmse_span2,120,14,-0.207915
W8A8_rmse_span2,120,15,-0.212898
W8A8_rmse_span2,120,16,0.711394
W8A8_rmse_span2,120,17,0.409034
W8A8_rmse_span2,120,18,0.740467
W8A8_rmse_span2,120,19,-0.051759
W8A8_rmse_span2,120,20,0.480986
W8A8_rmse_span2,120,21,0.175547
W8A8_rmse_span2,120,22,-0.0157016
W8A8_rmse_span2,120,23,-0.26618
W8A8_rmse_span2,120,24,0.108059
W8A8_rmse_span2,120,25,-0.251661
W8A8_rmse_span2,120,26,0.0305693
W8A8_rmse_span2,120,27,0.139404
W8A8_rmse_span2,120,28,-0.240724
W8A8_rmse_span2,120,29,0.383269
W8A8_rmse_span2,120,30,0.122645
W8A8_rmse_span2,120,31,0.0757092
W8A8_rmse_span2,120,32,0.427289
W8A8_rmse_span2,120,33,-0.272101
W8A8_rmse_span2,120,34,0.646354
W8A8_rmse_span2,120,35,0.382636
W8A8_rmse_span2,120,36,0.614604
W8A8_rmse_span2,120,37,0.0904452
W8A8_rmse_span2,120,38,0.395842
W8A8_rmse_span2,120,39,0.0216728
W8A8_rmse_span2,120,40,-0.164712
W8A8_rmse_span2,120,41,0.240754
W8A8_rmse_span2,120,42,0.125192
W8A8_rmse_span2,120,43,-0.337864
W8A8_rmse_span2,120,44,0.89962
W8A8_rmse_span2,120,45,0.94288
W8A8_rmse_span2,120,46,-0.185084
W8A8_rmse_span2,168,0,-0.346244
W8A8_rmse_span2,168,1,0.111913
W8A8_rmse_span2,168,2,0.555005
W8A8_rmse_span2,168,3,0.136522
W8A8_rmse_span2,168,4,-0.0306094
W8A8_rmse_span2,168,5,0.232435
W8A8_rmse_span2,168,6,0.803485
W8A8_rmse_span2,168,7,-0.600573
W8A8_rmse_span2,168,8,-0.106271
W8A8_rmse_span2,168,9,-0.333333
W8A8_rmse_span2,168,10,-0.68445
W8A8_rmse_span2,168,11,0.501191
W8A8_rmse_span2,168,12,0.180462
W8A8_rmse_span2,168,13,-0.311919
W8A8_rmse_span2,168,14,-0.0187359
W8A8_rmse_span2,168,15,0.435579
W8A8_rmse_span2,168,16,-0.0969909
W8A8_rmse_span2,168,17,0.174623
W8A8_rmse_span2,168,18,0.520313
W8A8_rmse_span2,168,19,0.0819868
W8A8_rmse_span2,168,20,0.137423
W8A8_rmse_span2,168,21,-0.219517
W8A8_rmse_span2,168,22,-0.338592
W8A8_rmse_span2,168,23,0.228024
W8A8_rmse_span2,168,24,0.428024
W8A8_rmse_span2,168,25,-0.364893
W8A8_rmse_span2,168,26,0.129455
W8A8_rmse_span2,168,27,0.251551
W8A8_rmse_span2,168,28,-0.244792
W8A8_rmse_span2,168,29,-0.246106
W8A8_rmse_span2,168,30,0.0709276
W8A8_rmse_span2,168,31,0.495758
W8A8_rmse_span2,168,32,0.931337
W8A8_rmse_span2,168,33,0.107098
W8A8_rmse_span2,168,34,0.0344588
W8A8_rmse_span2,168,35,-0.238885
W8A8_rmse_span2,168,36,0.598787
W8A8_rmse_span2,168,37,0.154055
W8A8_rmse_span2,168,38,-0.187995
W8A8_rmse_span2,168,39,0.0847105
W8A8_rmse_span2,168,40,-0.188958
W8A8_rmse_span2,168,41,0.244365
W8A8_rmse_span2,168,42,-0.0757514
W8A8_rmse_span2,168,43,-0.463209
W8A8_rmse_span2,168,44,0.682863
W8A8_rmse_span2,168,45,-0.17831
W8A8_rmse_span2,168,46,0.0379694
W8A8_rmse_span3,24,0,0.00237466
W8A8_rmse_span3,24,1,0.0451647
W8A8_rmse_span3,24,2,0.0592507
W8A8_rmse_span3,24,3,0.0730331
W8A8_rmse_span3,24,4,0.121954
W8A8_rmse_span3,24,5,-0.00853223
W8A8_rmse_span3,24,6,0.154699
W8A8_rmse_span3,24,7,0.0903869
W8A8_rmse_span3,24,8,0.185118
W8A8_rmse_span3,24,9,0.0822109
W8A8_rmse_span3,24,10,-0.0551643
W8A8_rmse_span3,24,11,0.0900559
W8A8_rmse_span3,24,12,0.0982896
W8A8_rmse_span3,24,13,0.0514747
W8A8_rmse_span3,24,14,0.0452104
W8A8_rmse_span3,24,15,0.0354588
W8A8_rmse_span3,24,16,0.073336
W8A8_rmse_span3,24,17,0.0843453
W8A8_rmse_span3,24,18,0.133214
W8A8_rmse_span3,24,19,0.0601006
W8A8_rmse_span3,24,20,0.0775483
W8A8_rmse_span3,24,21,0.0434152
W8A8_rmse_span3,24,22,0.019091
W8A8_rmse_span3,24,23,0.125604
W8A8_rmse_span3,24,24,0.0283383
W8A8_rmse_span3,24,25,-0.00760926
W8A8_rmse_span3,24,26,0.00369952
W8A8_rmse_span3,24,27,0.0760372
W8A8_rmse_span3,24,28,0.0593409
W8A8_rmse_span3,24,29,0.0735986
W8A8_rmse_span3,24,30,-0.0351426
W8A8_rmse_span3,24,31,0.107996
W8A8_rmse_span3,24,32,0.100817
W8A8_rmse_span3,24,33,0.0189395
W8A8_rmse_span3,24,34,0.113542
W8A8_rmse_span3,24,35,0.108922
W8A8_rmse_span3,24,36,0.0574659
W8A8_rmse_span3,24,37,0.0934424
W8A8_rmse_span3,24,38,0.0143967
W8A8_rmse_span3,24,39,0.121452
W8A8_rmse_span3,24,40,0.0771206
W8A8_rmse_span3,24,41,0.0185147
W8A8_rmse_span3,24,42,0.0132284
W8A8_rmse_span3,24,43,0.0406896
W8A8_rmse_span3,24,44,0.0916968
W8A8_rmse_span3,24,45,0.094578
W8A8_rmse_span3,24,46,0.129236
W8A8_rmse_span3,72,0,0.0945727
W8A8_rmse_span3,72,1,0.151102
W8A8_rmse_span3,72,2,0.0278618
W8A8_rmse_span3,72,3,0.0146427
W8A8_rmse_span3,72,4,-0.193861
W8A8_rmse_span3,72,5,0.229378
W8A8_rmse_span3,72,6,0.0320413
W8A8_rmse_span3,72,7,-0.548785
W8A8_rmse_span3,72,8,0.288441
W8A8_rmse_span3,72,9,0.0980088
W8A8_rmse_span3,72,10,0.0727182
W8A8_rmse_span3,72,11,0.190758
W8A8_rmse_span3,72,12,0.142011
W8A8_rmse_span3,72,13,-0.00461463
W8A8_rmse_span3,72,14,-0.0448343
W8A8_rmse_span3,72,15,0.0364074
W8A8_rmse_span3,72,16,0.0279096
W8A8_rmse_span3,72,17,0.0811044
W8A8_rmse_span3,72,18,0.285759
W8A8_rmse_span3,72,19,0.095497
W8A8_rmse_span3,72,20,0.212768
W8A8_rmse_span3,72,21,0.0605704
W8A8_rmse_span3,72,22,0.100758
W8A8_rmse_span3,72,23,0.174137
W8A8_rmse_span3,72,24,0.0101957
W8A8_rmse_span3,72,25,-0.0257241
W8A8_rmse_span3,72,26,0.0159219
W8A8_rmse_span3,72,27,0.12731
W8A8_rmse_span3,72,28,0.0237883
W8A8_rmse_span3,72,29,0.168764
W8A8_rmse_span3,72,30,-0.141525
W8A8_rmse_span3,72,31,0.165962
W8A8_rmse_span3,72,32,0.247978
W8A8_rmse_span3,72,33,-0.184153
W8A8_rmse_span3,72,34,0.200293
W8A8_rmse_span3,72,35,0.0127429
W8A8_rmse_span3,72,36,0.213354
W8A8_rmse_span3,72,37,-0.0695715
W8A8_rmse_span3,72,38,0.00856796
W8A8_rmse_span3,72,39,0.115383
W8A8_rmse_span3,72,40,0.142228
W8A8_rmse_span3,72,41,0.228835
W8A8_rmse_span3,72,42,-0.00744979
W8A8_rmse_span3,72,43,0.0172865
W8A8_rmse_span3,72,44,0.21168
W8A8_rmse_span3,72,45,0.0864753
W8A8_rmse_span3,72,46,-0.0623645
W8A8_rmse_span3,120,0,0.164647
W8A8_rmse_span3,120,1,0.118648
W8A8_rmse_span3,120,2,0.142581
W8A8_rmse_span3,120,3,-0.0554674
W8A8_rmse_span3,120,4,0.221506
W8A8_rmse_span3,120,5,0.233273
W8A8_rmse_span3,120,6,0.27975
W8A8_rmse_span3,120,7,-0.45983
W8A8_rmse_span3,120,8,0.297263
W8A8_rmse_span3,120,9,0.183394
W8A8_rmse_span3,120,10,-0.072602
W8A8_rmse_span3,120,11,0.395903
W8A8_rmse_span3,120,12,0.400018
W8A8_rmse_span3,120,13,0.38526
W8A8_rmse_span3,120,14,-0.222468
W8A8_rmse_span3,120,15,0.0183307
W8A8_rmse_span3,120,16,0.426789
W8A8_rmse_span3,120,17,0.112433
W8A8_rmse_span3,120,18,0.852688
W8A8_rmse_span3,120,19,-0.0677489
W8A8_rmse_span3,120,20,0.404771
W8A8_rmse_span3,120,21,0.232497
W8A8_rmse_span3,120,22,0.177396
W8A8_rmse_span3,120,23,-0.125484
W8A8_rmse_span3,120,24,-0.154308
W8A8_rmse_span3,120,25,-0.184879
W8A8_rmse_span3,120,26,-0.157284
W8A8_rmse_span3,120,27,0.275436
W8A8_rmse_span3,120,28,-0.244681
W8A8_rmse_span3,120,29,0.42362
W8A8_rmse_span3,120,30,0.09641
W8A8_rmse_span3,120,31,0.181747
W8A8_rmse_span3,120,32,0.307605
W8A8_rmse_span3,120,33,-0.280968
W8A8_rmse_span3,120,34,0.30329
W8A8_rmse_span3,120,35,0.263333
W8A8_rmse_span3,120,36,0.267598
W8A8_rmse_span3,120,37,0.00376608
W8A8_rmse_span3,120,38,0.229148
W8A8_rmse_span3,120,39,0.102821
W8A8_rmse_span3,120,40,-0.241387
W8A8_rmse_span3,120,41,0.165592
W8A8_rmse_span3,120,42,-0.220889
W8A8_rmse_span3,120,43,-0.00544839
W8A8_rmse_span3,120,44,0.535593
W8A8_rmse_span3,120,45,0.278589
W8A8_rmse_span3,120,46,-0.200651
W8A8_rmse_span3,168,0,-0.525624
W8A8_rmse_span3,168,1,0.456896
W8A8_rmse_span3,168,2,-0.228724
W8A8_rmse_span3,168,3,-0.1856
W8A8_rmse_span3,168,4,0.0945919
W8A8_rmse_span3,168,5,0.227585
W8A8_rmse_span3,168,6,0.823849
W8A8_rmse_span3,168,7,-0.281808
W8A8_rmse_span3,168,8,0.126276
W8A8_rmse_span3,168,9,0.295649
W8A8_rmse_span3,168,10,-0.425772
W8A8_rmse_span3,168,11,0.494695
W8A8_rmse_span3,168,12,0.582718
W8A8_rmse_span3,168,13,0.444967
W8A8_rmse_span3,168,14,-0.369857
W8A8_rmse_span3,168,15,0.320431
W8A8_rmse_span3,168,16,0.21599
W8A8_rmse_span3,168,17,0.137341
W8A8_rmse_span3,168,18,0.67404
W8A8_rmse_span3,168,19,-0.0144173
W8A8_rmse_span3,168,20,0.179171
W8A8_rmse_span3,168,21,-0.0109532
W8A8_rmse_span3,168,22,0.21283
W8A8_rmse_span3,168,23,-0.0418658
W8A8_rmse_span3,168,24,0.083189
W8A8_rmse_span3,168,25,-0.214213
W8A8_rmse_span3,168,26,-0.112965
W8A8_rmse_span3,168,27,-0.0195354
W8A8_rmse_span3,168,28,-0.176251
W8A8_rmse_span3,168,29,0.170297
W8A8_rmse_span3,168,30,0.165479
W8A8_rmse_span3,168,31,0.283733
W8A8_rmse_span3,168,32,0.655674
W8A8_rmse_span3,168,33,-0.0685409
W8A8_rmse_span3,168,34,-0.132339
W8A8_rmse_span3,168,35,0.0430684
W8A8_rmse_span3,168,36,0.120192
W8A8_rmse_span3,168,37,0.0198547
W8A8_rmse_span3,168,38,-0.121118
W8A8_rmse_span3,168,39,0.381265
W8A8_rmse_span3,168,40,-0.0309166
W8A8_rmse_span3,168,41,0.217161
W8A8_rmse_span3,168,42,-0.573039
W8A8_rmse_span3,168,43,0.230039
W8A8_rmse_span3,168,44,0.592249
W8A8_rmse_span3,168,45,0.366341
W8A8_rmse_span3,168,46,0.088291
W4W8_floor,24,0,16.2428
W4W8_floor,24,1,16.0572
W4W8_floor,24,2,16.3034
W4W8_floor,24,3,15.3648
W4W8_floor,24,4,14.262
W4W8_floor,24,5,13.9249
W4W8_floor,24,6,14.6025
W4W8_floor,24,7,13.6779
W4W8_floor,24,8,16.3983
W4W8_floor,24,9,15.2482
W4W8_floor,24,10,17.056
W4W8_floor,24,11,16.6142
W4W8_floor,24,12,14.8957
W4W8_floor,24,13,14.3121
W4W8_floor,24,14,15.3437
W4W8_floor,24,15,15.1172
W4W8_floor,24,16,15.1814
W4W8_floor,24,17,15.7717
W4W8_floor,24,18,14.1573
W4W8_floor,24,19,13.5459
W4W8_floor,24,20,13.1738
W4W8_floor,24,21,14.2185
W4W8_floor,24,22,13.8338
W4W8_floor,24,23,13.7268
W4W8_floor,24,24,12.9197
W4W8_floor,24,25,14.6849
W4W8_floor,24,26,16.436
W4W8_floor,24,27,16.1005
W4W8_floor,24,28,15.6619
W4W8_floor,24,29,13.6941
W4W8_floor,24,30,14.4118
W4W8_floor,24,31,16.8663
W4W8_floor,24,32,15.6372
W4W8_floor,24,33,13.827
W4W8_floor,24,34,14.051
W4W8_floor,24,35,15.1865
W4W8_floor,24,36,14.4589
W4W8_floor,24,37,14.8756
W4W8_floor,24,38,14.4254
W4W8_floor,24,39,13.9593
W4W8_floor,24,40,16.4451
W4W8_floor,24,41,15.1191
W4W8_floor,24,42,15.1949
W4W8_floor,24,43,14.713
W4W8_floor,24,44,15.5211
W4W8_floor,24,45,16.84
W4W8_floor,24,46,14.4921
W4W8_floor,72,0,23.5313
W4W8_floor,72,1,21.7833
W4W8_floor,72,2,23.098
W4W8_floor,72,3,24.8616
W4W8_floor,72,4,21.3297
W4W8_floor,72,5,24.0903
W4W8_floor,72,6,22.5095
W4W8_floor,72,7,11.1111
W4W8_floor,72,8,19.4921
W4W8_floor,72,9,22.4911
W4W8_floor,72,10,18.2405
W4W8_floor,72,11,24.4326
W4W8_floor,72,12,20.9498
W4W8_floor,72,13,16.1314
W4W8_floor,72,14,22.2592
W4W8_floor,72,15,17.8722
W4W8_floor,72,16,18.307
W4W8_floor,72,17,19.9188
W4W8_floor,72,18,11.4417
W4W8_floor,72,19,15.9754
W4W8_floor,72,20,13.9211
W4W8_floor,72,21,17.42
W4W8_floor,72,22,20.0644
W4W8_floor,72,23,20.5637
W4W8_floor,72,24,20.0664
W4W8_floor,72,25,22.5851
W4W8_floor,72,26,12.9147
W4W8_floor,72,27,21.9296
W4W8_floor,72,28,18.5981
W4W8_floor,72,29,21.8592
W4W8_floor,72,30,17.9092
W4W8_floor,72,31,18.9524
W4W8_floor,72,32,19.1771
W4W8_floor,72,33,23.9604
W4W8_floor,72,34,26.6159
W4W8_floor,72,35,20.4419
W4W8_floor,72,36,20.9792
W4W8_floor,72,37,20.6104
W4W8_floor,72,38,22.8403
W4W8_floor,72,39,14.8034
W4W8_floor,72,40,18.3726
W4W8_floor,72,41,20.3118
W4W8_floor,72,42,19.2167
W4W8_floor,72,43,24.8148
W4W8_floor,72,44,22.3062
W4W8_floor,72,45,25.4152
W4W8_floor,72,46,18.9403
W4W8_floor,120,0,32.8958
W4W8_floor,120,1,23.7491
W4W8_floor,120,2,19.2693
W4W8_floor,120,3,25.7285
W4W8_floor,120,4,26.1001
W4W8_floor,120,5,23.3576
W4W8_floor,120,6,24.8829
W4W8_floor,120,7,0.0825908
W4W8_floor,120,8,27.236
W4W8_floor,120,9,15.3428
W4W8_floor,120,10,17.8661
W4W8_floor,120,11,18.1513
W4W8_floor,120,12,17.6503
W4W8_floor,120,13,16.9598
W4W8_floor,120,14,19.651
W4W8_floor,120,15,14.7488
W4W8_floor,120,16,20.1691
W4W8_floor,120,17,16.5571
W4W8_floor,120,18,16.5546
W4W8_floor,120,19,16.936
W4W8_floor,120,20,6.28843
W4W8_floor,120,21,16.0645
W4W8_floor,120,22,17.8628
W4W8_floor,120,23,15.3169
W4W8_floor,120,24,16.9949
W4W8_floor,120,25,16.0526
W4W8_floor,120,26,12.1474
W4W8_floor,120,27,17.6304
W4W8_floor,120,28,20.9112
W4W8_floor,120,29,23.5662
W4W8_floor,120,30,23.1899
W4W8_floor,120,31,18.3686
W4W8_floor,120,32,20.5056
W4W8_floor,120,33,23.7447
W4W8_floor,120,34,17.7481
W4W8_floor,120,35,22.4017
W4W8_floor,120,36,20.4819
W4W8_floor,120,37,19.9629
W4W8_floor,120,38,17.1466
W4W8_floor,120,39,8.45523
W4W8_floor,120,40,15.8004
W4W8_floor,120,41,21.2154
W4W8_floor,120,42,20.8001
W4W8_floor,120,43,27.483
W4W8_floor,120,44,29.6764
W4W8_floor,120,45,15.8542
W4W8_floor,120,46,17.8864
W4W8_floor,168,0,26.4543
W4W8_floor,168,1,21.7092
W4W8_floor,168,2,27.1202
W4W8_floor,168,3,21.9532
W4W8_floor,168,4,27.303
W4W8_floor,168,5,16.1428
W4W8_floor,168,6,22.7068
W4W8_floor,168,7,8.18592
W4W8_floor,168,8,25.0989
W4W8_floor,168,9,11.9996
W4W8_floor,168,10,18.5136
W4W8_floor,168,11,29.3711
W4W8_floor,168,12,12.9931
W4W8_floor,168,13,8.95466
W4W8_floor,168,14,19.4513
W4W8_floor,168,15,17.4675
W4W8_floor,168,16,16.6605
W4W8_floor,168,17,14.9896
W4W8_floor,168,18,18.4104
W4W8_floor,168,19,13.8343
W4W8_floor,168,20,7.63941
W4W8_floor,168,21,14.4143
W4W8_floor,168,22,18.1899
W4W8_floor,168,23,11.1417
W4W8_floor,168,24,12.294
W4W8_floor,168,25,8.45783
W4W8_floor,168,26,7.48433
W4W8_floor,168,27,14.5949
W4W8_floor,168,28,16.2548
W4W8_floor,168,29,16.8516
W4W8_floor,168,30,23.4347
W4W8_floor,168,31,12.5747
W4W8_floor,168,32,18.4717
W4W8_floor,168,33,12.846
W4W8_floor,168,34,13.0176
W4W8_floor,168,35,22.8735
W4W8_floor,168,36,21.8396
W4W8_floor,168,37,12.0295
W4W8_floor,168,38,19.2746
W4W8_floor,168,39,6.20943
W4W8_floor,168,40,16.0396
W4W8_floor,168,41,12.3428
W4W8_floor,168,42,16.7019
W4W8_floor,168,43,19.885
W4W8_floor,168,44,30.6251
W4W8_floor,168,45,20.1622
W4W8_floor,168,46,10.5974
W4W8_knee,24,0,13.1182
W4W8_knee,24,1,13.2928
W4W8_knee,24,2,13.1812
W4W8_knee,24,3,12.1931
W4W8_knee,24,4,11.1582
W4W8_knee,24,5,11.0798
W4W8_knee,24,6,11.675
W4W8_knee,24,7,10.621
W4W8_knee,24,8,13.1257
W4W8_knee,24,9,12.1396
W4W8_knee,24,10,13.8331
W4W8_knee,24,11,13.5618
W4W8_knee,24,12,11.9134
W4W8_knee,24,13,11.1102
W4W8_knee,24,14,12.3831
W4W8_knee,24,15,12.1177
W4W8_knee,24,16,11.9278
W4W8_knee,24,17,12.5289
W4W8_knee,24,18,11.3915
W4W8_knee,24,19,10.2584
W4W8_knee,24,20,9.89812
W4W8_knee,24,21,10.8549
W4W8_knee,24,22,10.3104
W4W8_knee,24,23,10.5117
W4W8_knee,24,24,9.90026
W4W8_knee,24,25,11.3332
W4W8_knee,24,26,12.6605
W4W8_knee,24,27,12.4532
W4W8_knee,24,28,12.02
W4W8_knee,24,29,10.8
W4W8_knee,24,30,11.1688
W4W8_knee,24,31,13.2215
W4W8_knee,24,32,12.2746
W4W8_knee,24,33,10.2996
W4W8_knee,24,34,10.3785
W4W8_knee,24,35,11.654
W4W8_knee,24,36,11.2209
W4W8_knee,24,37,11.3061
W4W8_knee,24,38,11.3285
W4W8_knee,24,39,10.2089
W4W8_knee,24,40,12.8945
W4W8_knee,24,41,11.4922
W4W8_knee,24,42,12.0465
W4W8_knee,24,43,11.2798
W4W8_knee,24,44,12.4747
W4W8_knee,24,45,13.3777
W4W8_knee,24,46,11.6997
W4W8_knee,72,0,20.259
W4W8_knee,72,1,18.4472
W4W8_knee,72,2,19.2009
W4W8_knee,72,3,20.3191
W4W8_knee,72,4,18.857
W4W8_knee,72,5,20.0793
W4W8_knee,72,6,19.2835
W4W8_knee,72,7,7.96277
W4W8_knee,72,8,14.512
W4W8_knee,72,9,18.6103
W4W8_knee,72,10,13.7217
W4W8_knee,72,11,22.2356
W4W8_knee,72,12,16.6725
W4W8_knee,72,13,14.0558
W4W8_knee,72,14,18.6311
W4W8_knee,72,15,15.3028
W4W8_knee,72,16,14.223
W4W8_knee,72,17,15.6594
W4W8_knee,72,18,7.82108
W4W8_knee,72,19,10.9647
W4W8_knee,72,20,10.6141
W4W8_knee,72,21,13.7265
W4W8_knee,72,22,16.0422
W4W8_knee,72,23,16.459
W4W8_knee,72,24,15.6133
W4W8_knee,72,25,17.9
W4W8_knee,72,26,9.75254
W4W8_knee,72,27,16.1143
W4W8_knee,72,28,14.6296
W4W8_knee,72,29,17.3621
W4W8_knee,72,30,13.8866
W4W8_knee,72,31,15.3337
W4W8_knee,72,32,15.6324
W4W8_knee,72,33,18.5678
W4W8_knee,72,34,22.459
W4W8_knee,72,35,15.7768
W4W8_knee,72,36,16.3252
W4W8_knee,72,37,17.0472
W4W8_knee,72,38,18.9379
W4W8_knee,72,39,10.4154
W4W8_knee,72,40,14.5378
W4W8_knee,72,41,16.6733
W4W8_knee,72,42,16.0464
W4W8_knee,72,43,20.0706
W4W8_knee,72,44,18.2827
W4W8_knee,72,45,21.7214
W4W8_knee,72,46,15.19
W4W8_knee,120,0,28.7963
W4W8_knee,120,1,21.4245
W4W8_knee,120,2,15.9042
W4W8_knee,120,3,20.7316
W4W8_knee,120,4,23.1321
W4W8_knee,120,5,19.6938
W4W8_knee,120,6,18.8289
W4W8_knee,120,7,-2.95661
W4W8_knee,120,8,23.8093
W4W8_knee,120,9,13.1238
W4W8_knee,120,10,15.3425
W4W8_knee,120,11,15.6717
W4W8_knee,120,12,15.4293
W4W8_knee,120,13,15.937
W4W8_knee,120,14,15.3509
W4W8_knee,120,15,12.457
W4W8_knee,120,16,15.3781
W4W8_knee,120,17,13.2097
W4W8_knee,120,18,13.5636
W4W8_knee,120,19,11.3371
W4W8_knee,120,20,2.59356
W4W8_knee,120,21,14.3595
W4W8_knee,120,22,13.949
W4W8_knee,120,23,11.7013
W4W8_knee,120,24,13.6349
W4W8_knee,120,25,11.9132
W4W8_knee,120,26,10.9526
W4W8_knee,120,27,14.4649
W4W8_knee,120,28,18.7152
W4W8_knee,120,29,18.9765
W4W8_knee,120,30,19.759
W4W8_knee,120,31,14.3263
W4W8_knee,120,32,16.5379
W4W8_knee,120,33,17.6769
W4W8_knee,120,34,14.9981
W4W8_knee,120,35,15.8854
W4W8_knee,120,36,15.128
W4W8_knee,120,37,17.2732
W4W8_knee,120,38,13.8466
W4W8_knee,120,39,5.7319
W4W8_knee,120,40,11.1627
W4W8_knee,120,41,17.2713
W4W8_knee,120,42,18.557
W4W8_knee,120,43,20.4492
W4W8_knee,120,44,25.2894
W4W8_knee,120,45,14.9854
W4W8_knee,120,46,14.4624
W4W8_knee,168,0,22.9789
W4W8_knee,168,1,21.8028
W4W8_knee,168,2,23.5067
W4W8_knee,168,3,20.6278
W4W8_knee,168,4,24.0364
W4W8_knee,168,5,11.2315
W4W8_knee,168,6,19.3365
W4W8_knee,168,7,6.22186
W4W8_knee,168,8,22.76
W4W8_knee,168,9,11.0247
W4W8_knee,168,10,17.8432
W4W8_knee,168,11,25.0559
W4W8_knee,168,12,11.0838
W4W8_knee,168,13,7.16987
W4W8_knee,168,14,16.3649
W4W8_knee,168,15,14.0698
W4W8_knee,168,16,14.1978
W4W8_knee,168,17,11.4432
W4W8_knee,168,18,14.2489
W4W8_knee,168,19,10.3272
W4W8_knee,168,20,4.52401
W4W8_knee,168,21,11.9957
W4W8_knee,168,22,15.7031
W4W8_knee,168,23,7.60546
W4W8_knee,168,24,10.3989
W4W8_knee,168,25,7.7113
W4W8_knee,168,26,2.97446
W4W8_knee,168,27,11.5362
W4W8_knee,168,28,14.9091
W4W8_knee,168,29,11.4651
W4W8_knee,168,30,17.4285
W4W8_knee,168,31,9.5674
W4W8_knee,168,32,16.159
W4W8_knee,168,33,9.92545
W4W8_knee,168,34,11.795
W4W8_knee,168,35,20.0563
W4W8_knee,168,36,14.6581
W4W8_knee,168,37,9.34814
W4W8_knee,168,38,14.7889
W4W8_knee,168,39,1.60951
W4W8_knee,168,40,11.1839
W4W8_knee,168,41,9.5963
W4W8_knee,168,42,13.619
W4W8_knee,168,43,13.7776
W4W8_knee,168,44,24.1255
W4W8_knee,168,45,18.8007
W4W8_knee,168,46,5.27181
W4W8_span1,24,0,0.980909
W4W8_span1,24,1,1.14821
W4W8_span1,24,2,1.50805
W4W8_span1,24,3,1.14026
W4W8_span1,24,4,1.24263
W4W8_span1,24,5,0.996995
W4W8_span1,24,6,1.1639
W4W8_span1,24,7,0.845826
W4W8_span1,24,8,1.44871
W4W8_span1,24,9,1.44556
W4W8_span1,24,10,1.83116
W4W8_span1,24,11,1.33374
W4W8_span1,24,12,0.703318
W4W8_span1,24,13,1.59556
W4W8_span1,24,14,1.25167
W4W8_span1,24,15,1.6661
W4W8_span1,24,16,1.18718
W4W8_span1,24,17,1.50143
W4W8_span1,24,18,0.521366
W4W8_span1,24,19,1.1245
W4W8_span1,24,20,1.05473
W4W8_span1,24,21,0.37481
W4W8_span1,24,22,1.61898
W4W8_span1,24,23,1.0026
W4W8_span1,24,24,0.983193
W4W8_span1,24,25,1.35174
W4W8_span1,24,26,0.899248
W4W8_span1,24,27,0.436711
W4W8_span1,24,28,1.66373
W4W8_span1,24,29,0.78898
W4W8_span1,24,30,0.932452
W4W8_span1,24,31,1.96769
W4W8_span1,24,32,1.8997
W4W8_span1,24,33,1.28021
W4W8_span1,24,34,1.14715
W4W8_span1,24,35,1.17653
W4W8_span1,24,36,1.0934
W4W8_span1,24,37,0.480025
W4W8_span1,24,38,1.27708
W4W8_span1,24,39,0.61557
W4W8_span1,24,40,1.23536
W4W8_span1,24,41,0.900122
W4W8_span1,24,42,0.839018
W4W8_span1,24,43,1.39633
W4W8_span1,24,44,2.29988
W4W8_span1,24,45,1.44661
W4W8_span1,24,46,1.18058
W4W8_span1,72,0,1.81297
W4W8_span1,72,1,1.20455
W4W8_span1,72,2,2.5028
W4W8_span1,72,3,3.12397
W4W8_span1,72,4,2.63764
W4W8_span1,72,5,2.44661
W4W8_span1,72,6,1.5179
W4W8_span1,72,7,-0.667289
W4W8_span1,72,8,-0.620909
W4W8_span1,72,9,3.8561
W4W8_span1,72,10,0.427503
W4W8_span1,72,11,2.25503
W4W8_span1,72,12,-0.0708881
W4W8_span1,72,13,2.74069
W4W8_span1,72,14,2.42957
W4W8_span1,72,15,1.9292
W4W8_span1,72,16,1.4418
W4W8_span1,72,17,2.02242
W4W8_span1,72,18,-0.687665
W4W8_span1,72,19,1.11837
W4W8_span1,72,20,0.791479
W4W8_span1,72,21,0.961657
W4W8_span1,72,22,3.31413
W4W8_span1,72,23,2.08483
W4W8_span1,72,24,0.50796
W4W8_span1,72,25,0.504727
W4W8_span1,72,26,-3.67215
W4W8_span1,72,27,1.1821
W4W8_span1,72,28,1.68954
W4W8_span1,72,29,2.05557
W4W8_span1,72,30,2.09575
W4W8_span1,72,31,1.01456
W4W8_span1,72,32,1.58788
W4W8_span1,72,33,1.03067
W4W8_span1,72,34,4.82323
W4W8_span1,72,35,1.14569
W4W8_span1,72,36,1.38682
W4W8_span1,72,37,0.658845
W4W8_span1,72,38,3.14327
W4W8_span1,72,39,0.0704051
W4W8_span1,72,40,1.93366
W4W8_span1,72,41,2.1561
W4W8_span1,72,42,0.628831
W4W8_span1,72,43,2.39115
W4W8_span1,72,44,1.83147
W4W8_span1,72,45,2.09468
W4W8_span1,72,46,2.03552
W4W8_span1,120,0,0.330225
W4W8_span1,120,1,1.71613
W4W8_span1,120,2,2.22289
W4W8_span1,120,3,2.67495
W4W8_span1,120,4,4.17003
W4W8_span1,120,5,2.72998
W4W8_span1,120,6,2.61949
W4W8_span1,120,7,-2.82345
W4W8_span1,120,8,5.12579
W4W8_span1,120,9,2.03147
W4W8_span1,120,10,1.78337
W4W8_span1,120,11,0.697763
W4W8_span1,120,12,-1.66627
W4W8_span1,120,13,3.2327
W4W8_span1,120,14,3.00664
W4W8_span1,120,15,0.138792
W4W8_span1,120,16,0.547166
W4W8_span1,120,17,1.07178
W4W8_span1,120,18,2.09098
W4W8_span1,120,19,0.897023
W4W8_span1,120,20,0.108861
W4W8_span1,120,21,2.41241
W4W8_span1,120,22,1.59162
W4W8_span1,120,23,1.79723
W4W8_span1,120,24,0.760627
W4W8_span1,120,25,-0.771838
W4W8_span1,120,26,-1.75859
W4W8_span1,120,27,1.70665
W4W8_span1,120,28,0.836542
W4W8_span1,120,29,1.67811
W4W8_span1,120,30,2.49339
W4W8_span1,120,31,2.92316
W4W8_span1,120,32,0.544096
W4W8_span1,120,33,2.63822
W4W8_span1,120,34,3.43187
W4W8_span1,120,35,2.89347
W4W8_span1,120,36,3.2403
W4W8_span1,120,37,1.48414
W4W8_span1,120,38,3.18895
W4W8_span1,120,39,0.0618599
W4W8_span1,120,40,2.63754
W4W8_span1,120,41,3.52393
W4W8_span1,120,42,0.564876
W4W8_span1,120,43,2.30173
W4W8_span1,120,44,3.52464
W4W8_span1,120,45,1.85439
W4W8_span1,120,46,2.81332
W4W8_span1,168,0,1.17957
W4W8_span1,168,1,0.781605
W4W8_span1,168,2,2.22751
W4W8_span1,168,3,4.64813
W4W8_span1,168,4,2.94899
W4W8_span1,168,5,1.47296
W4W8_span1,168,6,-0.0924341
W4W8_span1,168,7,-0.66868
W4W8_span1,168,8,5.61077
W4W8_span1,168,9,1.35762
W4W8_span1,168,10,0.829132
W4W8_span1,168,11,0.0861555
W4W8_span1,168,12,-3.98899
W4W8_span1,168,13,2.75185
W4W8_span1,168,14,1.59178
W4W8_span1,168,15,2.02104
W4W8_span1,168,16,-3.39475
W4W8_span1,168,17,0.25698
W4W8_span1,168,18,1.65213
W4W8_span1,168,19,1.49542
W4W8_span1,168,20,-1.68705
W4W8_span1,168,21,0.850494
W4W8_span1,168,22,1.64667
W4W8_span1,168,23,0.920049
W4W8_span1,168,24,-0.431405
W4W8_span1,168,25,-1.90913
W4W8_span1,168,26,-4.63268
W4W8_span1,168,27,2.01186
W4W8_span1,168,28,0.591598
W4W8_span1,168,29,1.42575
W4W8_span1,168,30,0.702237
W4W8_span1,168,31,2.97407
W4W8_span1,168,32,0.167474
W4W8_span1,168,33,0.983028
W4W8_span1,168,34,0.187173
W4W8_span1,168,35,1.85142
W4W8_span1,168,36,2.33087
W4W8_span1,168,37,2.24745
W4W8_span1,168,38,2.53349
W4W8_span1,168,39,1.12553
W4W8_span1,168,40,2.75071
W4W8_span1,168,41,1.42506
W4W8_span1,168,42,1.7848
W4W8_span1,168,43,0.0563339
W4W8_span1,168,44,1.22475
W4W8_span1,168,45,4.79751
W4W8_span1,168,46,0.609834
W4W8_span2,24,0,1.58937
W4W8_span2,24,1,2.5764
W4W8_span2,24,2,1.72698
W4W8_span2,24,3,1.74851
W4W8_span2,24,4,1.10803
W4W8_span2,24,5,2.44006
W4W8_span2,24,6,1.12446
W4W8_span2,24,7,1.28181
W4W8_span2,24,8,2.20522
W4W8_span2,24,9,1.86342
W4W8_span2,24,10,1.4001
W4W8_span2,24,11,1.39753
W4W8_span2,24,12,1.30423
W4W8_span2,24,13,1.24643
W4W8_span2,24,14,2.0197
W4W8_span2,24,15,1.73553
W4W8_span2,24,16,1.81035
W4W8_span2,24,17,1.13736
W4W8_span2,24,18,1.25383
W4W8_span2,24,19,1.25001
W4W8_span2,24,20,1.11425
W4W8_span2,24,21,1.21537
W4W8_span2,24,22,1.44468
W4W8_span2,24,23,1.78388
W4W8_span2,24,24,1.33102
W4W8_span2,24,25,0.838858
W4W8_span2,24,26,1.56335
W4W8_span2,24,27,1.1874
W4W8_span2,24,28,1.47222
W4W8_span2,24,29,0.728069
W4W8_span2,24,30,1.76701
W4W8_span2,24,31,1.77043
W4W8_span2,24,32,1.22266
W4W8_span2,24,33,1.82277
W4W8_span2,24,34,1.52827
W4W8_span2,24,35,1.70816
W4W8_span2,24,36,1.81632
W4W8_span2,24,37,1.89518
W4W8_span2,24,38,1.94347
W4W8_span2,24,39,0.552356
W4W8_span2,24,40,1.46537
W4W8_span2,24,41,1.50622
W4W8_span2,24,42,1.50026
W4W8_span2,24,43,1.50239
W4W8_span2,24,44,1.22894
W4W8_span2,24,45,1.92413
W4W8_span2,24,46,1.37559
W4W8_span2,72,0,0.870981
W4W8_span2,72,1,2.06998
W4W8_span2,72,2,4.30406
W4W8_span2,72,3,2.97705
W4W8_span2,72,4,1.62928
W4W8_span2,72,5,2.54053
W4W8_span2,72,6,2.92675
W4W8_span2,72,7,-0.926995
W4W8_span2,72,8,2.68884
W4W8_span2,72,9,2.89894
W4W8_span2,72,10,1.57291
W4W8_span2,72,11,1.04034
W4W8_span2,72,12,2.24498
W4W8_span2,72,13,2.46642
W4W8_span2,72,14,2.34458
W4W8_span2,72,15,1.92371
W4W8_span2,72,16,1.19425
W4W8_span2,72,17,1.32656
W4W8_span2,72,18,1.1385
W4W8_span2,72,19,-0.0518014
W4W8_span2,72,20,0.0811352
W4W8_span2,72,21,1.52854
W4W8_span2,72,22,1.83015
W4W8_span2,72,23,3.41496
W4W8_span2,72,24,1.67544
W4W8_span2,72,25,1.42322
W4W8_span2,72,26,1.10025
W4W8_span2,72,27,2.42476
W4W8_span2,72,28,1.60639
W4W8_span2,72,29,0.721046
W4W8_span2,72,30,1.4395
W4W8_span2,72,31,-0.718214
W4W8_span2,72,32,3.34741
W4W8_span2,72,33,3.98597
W4W8_span2,72,34,2.34797
W4W8_span2,72,35,2.60536
W4W8_span2,72,36,3.6182
W4W8_span2,72,37,5.17791
W4W8_span2,72,38,3.25252
W4W8_span2,72,39,0.910246
W4W8_span2,72,40,0.800628
W4W8_span2,72,41,0.85526
W4W8_span2,72,42,2.66365
W4W8_span2,72,43,3.28452
W4W8_span2,72,44,0.79155
W4W8_span2,72,45,6.57145
W4W8_span2,72,46,2.45496
W4W8_span2,120,0,2.68053
W4W8_span2,120,1,2.60188
W4W8_span2,120,2,4.68633
W4W8_span2,120,3,4.65097
W4W8_span2,120,4,3.72879
W4W8_span2,120,5,-0.445175
W4W8_span2,120,6,3.65566
W4W8_span2,120,7,0.0275981
W4W8_span2,120,8,2.81961
W4W8_span2,120,9,3.64808
W4W8_span2,120,10,0.707148
W4W8_span2,120,11,1.67938
W4W8_span2,120,12,1.95939
W4W8_span2,120,13,2.49466
W4W8_span2,120,14,-1.20591
W4W8_span2,120,15,2.22023
W4W8_span2,120,16,1.51895
W4W8_span2,120,17,1.27222
W4W8_span2,120,18,2.026
W4W8_span2,120,19,-2.22321
W4W8_span2,120,20,-1.93233
W4W8_span2,120,21,2.168
W4W8_span2,120,22,1.19758
W4W8_span2,120,23,1.74881
W4W8_span2,120,24,2.16484
W4W8_span2,120,25,2.19216
W4W8_span2,120,26,4.62513
W4W8_span2,120,27,1.91668
W4W8_span2,120,28,1.35426
W4W8_span2,120,29,2.58669
W4W8_span2,120,30,0.181003
W4W8_span2,120,31,-1.29569
W4W8_span2,120,32,2.05846
W4W8_span2,120,33,4.99621
W4W8_span2,120,34,0.536164
W4W8_span2,120,35,1.15913
W4W8_span2,120,36,3.62471
W4W8_span2,120,37,2.71046
W4W8_span2,120,38,2.78656
W4W8_span2,120,39,0.728037
W4W8_span2,120,40,0.64452
W4W8_span2,120,41,1.81049
W4W8_span2,120,42,2.90958
W4W8_span2,120,43,1.86563
W4W8_span2,120,44,1.98808
W4W8_span2,120,45,7.58337
W4W8_span2,120,46,4.49329
W4W8_span2,168,0,4.73942
W4W8_span2,168,1,0.780134
W4W8_span2,168,2,2.19627
W4W8_span2,168,3,6.0607
W4W8_span2,168,4,5.10068
W4W8_span2,168,5,-1.78936
W4W8_span2,168,6,0.724058
W4W8_span2,168,7,1.10251
W4W8_span2,168,8,0.185824
W4W8_span2,168,9,4.61421
W4W8_span2,168,10,0.748506
W4W8_span2,168,11,3.52184
W4W8_span2,168,12,0.378351
W4W8_span2,168,13,2.20533
W4W8_span2,168,14,-0.224447
W4W8_span2,168,15,3.46297
W4W8_span2,168,16,0.797306
W4W8_span2,168,17,2.19767
W4W8_span2,168,18,0.397118
W4W8_span2,168,19,-1.92455
W4W8_span2,168,20,-1.68425
W4W8_span2,168,21,-0.391446
W4W8_span2,168,22,-0.54768
W4W8_span2,168,23,3.14014
W4W8_span2,168,24,2.04487
W4W8_span2,168,25,0.839662
W4W8_span2,168,26,4.0868
W4W8_span2,168,27,0.287159
W4W8_span2,168,28,2.93179
W4W8_span2,168,29,0.874546
W4W8_span2,168,30,-1.32445
W4W8_span2,168,31,-2.55572
W4W8_span2,168,32,3.03745
W4W8_span2,168,33,1.91533
W4W8_span2,168,34,-2.82551
W4W8_span2,168,35,2.39461
W4W8_span2,168,36,2.59456
W4W8_span2,168,37,0.0575889
W4W8_span2,168,38,3.29739
W4W8_span2,168,39,-1.51195
W4W8_span2,168,40,1.83246
W4W8_span2,168,41,0.0307417
W4W8_span2,168,42,1.35928
W4W8_span2,168,43,-0.581582
W4W8_span2,168,44,4.36678
W4W8_span2,168,45,7.30541
W4W8_span2,168,46,5.44809
W4W8_span3,24,0,0.00179346
W4W8_span3,24,1,0.00433075
W4W8_span3,24,2,0.0017696
W4W8_span3,24,3,0.0019772
W4W8_span3,24,4,0.00396092
W4W8_span3,24,5,0.00748676
W4W8_span3,24,6,-0.00897725
W4W8_span3,24,7,0.00452836
W4W8_span3,24,8,-0.00178848
W4W8_span3,24,9,-0.00641313
W4W8_span3,24,10,0.00332334
W4W8_span3,24,11,0.00812929
W4W8_span3,24,12,0.0151275
W4W8_span3,24,13,0.0124533
W4W8_span3,24,14,0.012768
W4W8_span3,24,15,-0.00473779
W4W8_span3,24,16,-0.00484106
W4W8_span3,24,17,0.00545192
W4W8_span3,24,18,0.0116168
W4W8_span3,24,19,-0.00530396
W4W8_span3,24,20,-0.0011148
W4W8_span3,24,21,0.00923495
W4W8_span3,24,22,-0.0103516
W4W8_span3,24,23,0.00069563
W4W8_span3,24,24,0.00791973
W4W8_span3,24,25,-0.00348823
W4W8_span3,24,26,-0.00191752
W4W8_span3,24,27,0.0014955
W4W8_span3,24,28,0.00820173
W4W8_span3,24,29,0.0113786
W4W8_span3,24,30,-0.00242972
W4W8_span3,24,31,0.0128353
W4W8_span3,24,32,0.00135534
W4W8_span3,24,33,6.78751e-05
W4W8_span3,24,34,0.00277559
W4W8_span3,24,35,-0.00591315
W4W8_span3,24,36,0.00344138
W4W8_span3,24,37,-0.00646766
W4W8_span3,24,38,-0.00210495
W4W8_span3,24,39,-0.000457507
W4W8_span3,24,40,-0.00449724
W4W8_span3,24,41,0.00386902
W4W8_span3,24,42,0.00600421
W4W8_span3,24,43,-0.000341286
W4W8_span3,24,44,0.015883
W4W8_span3,24,45,-0.00823072
W4W8_span3,24,46,-0.00627965
W4W8_span3,72,0,0.0271455
W4W8_span3,72,1,0.00263339
W4W8_span3,72,2,-0.0377771
W4W8_span3,72,3,-0.00755722
W4W8_span3,72,4,0.000251853
W4W8_span3,72,5,-0.000875399
W4W8_span3,72,6,-0.0558042
W4W8_span3,72,7,-0.0430876
W4W8_span3,72,8,-0.0373671
W4W8_span3,72,9,-0.0341592
W4W8_span3,72,10,0.0276738
W4W8_span3,72,11,0.0251799
W4W8_span3,72,12,-0.0201674
W4W8_span3,72,13,-0.0475509
W4W8_span3,72,14,0.0226171
W4W8_span3,72,15,0.0146511
W4W8_span3,72,16,-0.0356757
W4W8_span3,72,17,-0.0115128
W4W8_span3,72,18,0.00066275
W4W8_span3,72,19,-0.0319811
W4W8_span3,72,20,0.0213921
W4W8_span3,72,21,-0.034172
W4W8_span3,72,22,0.027843
W4W8_span3,72,23,0.0317207
W4W8_span3,72,24,0.0164332
W4W8_span3,72,25,-0.0262113
W4W8_span3,72,26,-0.00774575
W4W8_span3,72,27,0.0280765
W4W8_span3,72,28,-0.0542329
W4W8_span3,72,29,0.0250003
W4W8_span3,72,30,0.0144133
W4W8_span3,72,31,-0.0185412
W4W8_span3,72,32,-0.0106543
W4W8_span3,72,33,0.006492
W4W8_span3,72,34,-0.00244017
W4W8_span3,72,35,-0.00431737
W4W8_span3,72,36,-0.00371146
W4W8_span3,72,37,-0.0157439
W4W8_span3,72,38,0.0528806
W4W8_span3,72,39,-0.0309704
W4W8_span3,72,40,-0.0163079
W4W8_span3,72,41,-0.00375751
W4W8_span3,72,42,-0.00224651
W4W8_span3,72,43,-0.000516252
W4W8_span3,72,44,0.0169864
W4W8_span3,72,45,-0.0145271
W4W8_span3,72,46,-0.0203262
W4W8_span3,120,0,0.0531467
W4W8_span3,120,1,0.0567254
W4W8_span3,120,2,-0.015763
W4W8_span3,120,3,0.0240427
W4W8_span3,120,4,-0.0364248
W4W8_span3,120,5,0.018917
W4W8_span3,120,6,-0.123434
W4W8_span3,120,7,-0.0994507
W4W8_span3,120,8,-0.0689303
W4W8_span3,120,9,-0.0227821
W4W8_span3,120,10,-0.0238076
W4W8_span3,120,11,0.0264561
W4W8_span3,120,12,0.0184811
W4W8_span3,120,13,-0.0513183
W4W8_span3,120,14,0.0147578
W4W8_span3,120,15,0.0204525
W4W8_span3,120,16,0.0272367
W4W8_span3,120,17,0.00627259
W4W8_span3,120,18,-0.0306415
W4W8_span3,120,19,-0.0804051
W4W8_span3,120,20,0.0871591
W4W8_span3,120,21,-0.0432494
W4W8_span3,120,22,-0.00237699
W4W8_span3,120,23,0.0293607
W4W8_span3,120,24,0.0322433
W4W8_span3,120,25,-0.0408083
W4W8_span3,120,26,0.00634012
W4W8_span3,120,27,0.00891262
W4W8_span3,120,28,-0.018211
W4W8_span3,120,29,0.0183943
W4W8_span3,120,30,0.081738
W4W8_span3,120,31,-0.0185265
W4W8_span3,120,32,-0.0238178
W4W8_span3,120,33,-0.0204061
W4W8_span3,120,34,0.0102718
W4W8_span3,120,35,0.0144075
W4W8_span3,120,36,-0.0231312
W4W8_span3,120,37,0.011143
W4W8_span3,120,38,0.0194444
W4W8_span3,120,39,-0.0636405
W4W8_span3,120,40,-0.0754595
W4W8_span3,120,41,-0.00231194
W4W8_span3,120,42,-0.0529439
W4W8_span3,120,43,0.0169627
W4W8_span3,120,44,-0.0148802
W4W8_span3,120,45,0.0047646
W4W8_span3,120,46,-0.069323
W4W8_span3,168,0,-0.00329337
W4W8_span3,168,1,0.0429223
W4W8_span3,168,2,0.0258095
W4W8_span3,168,3,0.0327904
W4W8_span3,168,4,-0.0712058
W4W8_span3,168,5,0.0707457
W4W8_span3,168,6,0.0807047
W4W8_span3,168,7,-0.00728534
W4W8_span3,168,8,0.00103134
W4W8_span3,168,9,0.0224456
W4W8_span3,168,10,-0.0729338
W4W8_span3,168,11,-0.0289995
W4W8_span3,168,12,0.00774442
W4W8_span3,168,13,-0.0224588
W4W8_span3,168,14,0.0239172
W4W8_span3,168,15,0.020317
W4W8_span3,168,16,-0.00113673
W4W8_span3,168,17,0.0229132
W4W8_span3,168,18,0.0250695
W4W8_span3,168,19,-0.0169697
W4W8_span3,168,20,0.0353061
W4W8_span3,168,21,-0.0870189
W4W8_span3,168,22,0.00973196
W4W8_span3,168,23,0.0123276
W4W8_span3,168,24,0.0492019
W4W8_span3,168,25,-0.0426853
W4W8_span3,168,26,-0.0237545
W4W8_span3,168,27,0.0342169
W4W8_span3,168,28,0.0610282
W4W8_span3,168,29,0.00395791
W4W8_span3,168,30,0.035829
W4W8_span3,168,31,-0.0504039
W4W8_span3,168,32,-0.0274576
W4W8_span3,168,33,0.0171616
W4W8_span3,168,34,0.00390899
W4W8_span3,168,35,-0.0299325
W4W8_span3,168,36,0.00232113
W4W8_span3,168,37,0.0292565
W4W8_span3,168,38,-0.0639434
W4W8_span3,168,39,-0.0265075
W4W8_span3,168,40,-0.0399654
W4W8_span3,168,41,-0.00495138
W4W8_span3,168,42,-0.0124276
W4W8_span3,168,43,0.0297515
W4W8_span3,168,44,-0.023545
W4W8_span3,168,45,-0.000188639
W4W8_span3,168,46,-0.0416744
W4W8_rmse_span1,24,0,1.34874
W4W8_rmse_span1,24,1,1.20596
W4W8_rmse_span1,24,2,0.524075
W4W8_rmse_span1,24,3,1.47624
W4W8_rmse_span1,24,4,1.14521
W4W8_rmse_span1,24,5,1.59004
W4W8_rmse_span1,24,6,0.873699
W4W8_rmse_span1,24,7,0.333356
W4W8_rmse_span1,24,8,0.64161
W4W8_rmse_span1,24,9,2.01188
W4W8_rmse_span1,24,10,1.933
W4W8_rmse_span1,24,11,2.29999
W4W8_rmse_span1,24,12,2.07873
W4W8_rmse_span1,24,13,1.95641
W4W8_rmse_span1,24,14,1.74848
W4W8_rmse_span1,24,15,0.73596
W4W8_rmse_span1,24,16,1.60442
W4W8_rmse_span1,24,17,2.04938
W4W8_rmse_span1,24,18,0.86485
W4W8_rmse_span1,24,19,0.721141
W4W8_rmse_span1,24,20,0.980625
W4W8_rmse_span1,24,21,1.30652
W4W8_rmse_span1,24,22,0.909617
W4W8_rmse_span1,24,23,1.06798
W4W8_rmse_span1,24,24,1.02399
W4W8_rmse_span1,24,25,1.12757
W4W8_rmse_span1,24,26,1.43936
W4W8_rmse_span1,24,27,0.595685
W4W8_rmse_span1,24,28,1.71225
W4W8_rmse_span1,24,29,1.32292
W4W8_rmse_span1,24,30,0.347059
W4W8_rmse_span1,24,31,1.24535
W4W8_rmse_span1,24,32,1.58205
W4W8_rmse_span1,24,33,1.06924
W4W8_rmse_span1,24,34,1.04868
W4W8_rmse_span1,24,35,1.65639
W4W8_rmse_span1,24,36,0.849614
W4W8_rmse_span1,24,37,1.18227
W4W8_rmse_span1,24,38,1.39257
W4W8_rmse_span1,24,39,0.352931
W4W8_rmse_span1,24,40,1.22739
W4W8_rmse_span1,24,41,1.38984
W4W8_rmse_span1,24,42,1.63222
W4W8_rmse_span1,24,43,1.07482
W4W8_rmse_span1,24,44,1.59216
W4W8_rmse_span1,24,45,0.630413
W4W8_rmse_span1,24,46,0.660842
W4W8_rmse_span1,72,0,3.45545
W4W8_rmse_span1,72,1,3.4149
W4W8_rmse_span1,72,2,1.65134
W4W8_rmse_span1,72,3,3.63452
W4W8_rmse_span1,72,4,5.34393
W4W8_rmse_span1,72,5,3.43022
W4W8_rmse_span1,72,6,1.94764
W4W8_rmse_span1,72,7,0.47806
W4W8_rmse_span1,72,8,0.907459
W4W8_rmse_span1,72,9,4.39635
W4W8_rmse_span1,72,10,2.67284
W4W8_rmse_span1,72,11,5.61699
W4W8_rmse_span1,72,12,0.483492
W4W8_rmse_span1,72,13,1.32123
W4W8_rmse_span1,72,14,4.37934
W4W8_rmse_span1,72,15,0.786285
W4W8_rmse_span1,72,16,3.48796
W4W8_rmse_span1,72,17,4.34573
W4W8_rmse_span1,72,18,2.02384
W4W8_rmse_span1,72,19,0.650809
W4W8_rmse_span1,72,20,2.33798
W4W8_rmse_span1,72,21,1.27738
W4W8_rmse_span1,72,22,4.04326
W4W8_rmse_span1,72,23,2.68478
W4W8_rmse_span1,72,24,3.29042
W4W8_rmse_span1,72,25,1.55034
W4W8_rmse_span1,72,26,-0.649792
W4W8_rmse_span1,72,27,3.17477
W4W8_rmse_span1,72,28,0.628299
W4W8_rmse_span1,72,29,3.43723
W4W8_rmse_span1,72,30,1.41238
W4W8_rmse_span1,72,31,1.79621
W4W8_rmse_span1,72,32,3.03261
W4W8_rmse_span1,72,33,2.06555
W4W8_rmse_span1,72,34,5.1446
W4W8_rmse_span1,72,35,4.30493
W4W8_rmse_span1,72,36,2.08623
W4W8_rmse_span1,72,37,3.59198
W4W8_rmse_span1,72,38,3.06647
W4W8_rmse_span1,72,39,-0.327066
W4W8_rmse_span1,72,40,1.04608
W4W8_rmse_span1,72,41,4.28625
W4W8_rmse_span1,72,42,1.9201
W4W8_rmse_span1,72,43,3.67723
W4W8_rmse_span1,72,44,3.19963
W4W8_rmse_span1,72,45,3.14667
W4W8_rmse_span1,72,46,0.185497
W4W8_rmse_span1,120,0,5.00683
W4W8_rmse_span1,120,1,7.06321
W4W8_rmse_span1,120,2,2.29707
W4W8_rmse_span1,120,3,7.12958
W4W8_rmse_span1,120,4,7.81682
W4W8_rmse_span1,120,5,2.88904
W4W8_rmse_span1,120,6,1.10842
W4W8_rmse_span1,120,7,-1.59396
W4W8_rmse_span1,120,8,4.28877
W4W8_rmse_span1,120,9,1.57893
W4W8_rmse_span1,120,10,-0.0729724
W4W8_rmse_span1,120,11,3.71989
W4W8_rmse_span1,120,12,1.59633
W4W8_rmse_span1,120,13,0.00637924
W4W8_rmse_span1,120,14,3.01426
W4W8_rmse_span1,120,15,-0.882069
W4W8_rmse_span1,120,16,5.97635
W4W8_rmse_span1,120,17,4.62567
W4W8_rmse_span1,120,18,3.13922
W4W8_rmse_span1,120,19,0.525443
W4W8_rmse_span1,120,20,4.49465
W4W8_rmse_span1,120,21,1.80514
W4W8_rmse_span1,120,22,2.214
W4W8_rmse_span1,120,23,2.46045
W4W8_rmse_span1,120,24,4.10749
W4W8_rmse_span1,120,25,0.871634
W4W8_rmse_span1,120,26,-1.93747
W4W8_rmse_span1,120,27,-0.0931675
W4W8_rmse_span1,120,28,2.01153
W4W8_rmse_span1,120,29,4.28912
W4W8_rmse_span1,120,30,4.25431
W4W8_rmse_span1,120,31,5.04999
W4W8_rmse_span1,120,32,3.93268
W4W8_rmse_span1,120,33,2.32907
W4W8_rmse_span1,120,34,3.2998
W4W8_rmse_span1,120,35,4.94597
W4W8_rmse_span1,120,36,2.25053
W4W8_rmse_span1,120,37,2.79842
W4W8_rmse_span1,120,38,1.41375
W4W8_rmse_span1,120,39,-0.686139
W4W8_rmse_span1,120,40,-2.13104
W4W8_rmse_span1,120,41,6.06583
W4W8_rmse_span1,120,42,0.677065
W4W8_rmse_span1,120,43,3.51376
W4W8_rmse_span1,120,44,4.21612
W4W8_rmse_span1,120,45,4.07092
W4W8_rmse_span1,120,46,-0.561521
W4W8_rmse_span1,168,0,2.61159
W4W8_rmse_span1,168,1,7.56786
W4W8_rmse_span1,168,2,4.10253
W4W8_rmse_span1,168,3,5.22076
W4W8_rmse_span1,168,4,3.02323
W4W8_rmse_span1,168,5,1.49974
W4W8_rmse_span1,168,6,5.37278
W4W8_rmse_span1,168,7,2.3299
W4W8_rmse_span1,168,8,4.40281
W4W8_rmse_span1,168,9,1.50714
W4W8_rmse_span1,168,10,0.410666
W4W8_rmse_span1,168,11,4.17776
W4W8_rmse_span1,168,12,2.95303
W4W8_rmse_span1,168,13,-0.954844
W4W8_rmse_span1,168,14,-0.268501
W4W8_rmse_span1,168,15,4.27464
W4W8_rmse_span1,168,16,3.55712
W4W8_rmse_span1,168,17,3.64587
W4W8_rmse_span1,168,18,4.72431
W4W8_rmse_span1,168,19,0.233236
W4W8_rmse_span1,168,20,-0.192405
W4W8_rmse_span1,168,21,0.883014
W4W8_rmse_span1,168,22,4.3048
W4W8_rmse_span1,168,23,1.42016
W4W8_rmse_span1,168,24,4.85743
W4W8_rmse_span1,168,25,-1.74578
W4W8_rmse_span1,168,26,-5.13813
W4W8_rmse_span1,168,27,1.42474
W4W8_rmse_span1,168,28,2.31117
W4W8_rmse_span1,168,29,0.106618
W4W8_rmse_span1,168,30,1.31724
W4W8_rmse_span1,168,31,4.16088
W4W8_rmse_span1,168,32,4.46063
W4W8_rmse_span1,168,33,-0.816304
W4W8_rmse_span1,168,34,1.45564
W4W8_rmse_span1,168,35,3.04846
W4W8_rmse_span1,168,36,1.38111
W4W8_rmse_span1,168,37,0.3748
W4W8_rmse_span1,168,38,2.19253
W4W8_rmse_span1,168,39,3.38066
W4W8_rmse_span1,168,40,-0.534826
W4W8_rmse_span1,168,41,4.93463
W4W8_rmse_span1,168,42,1.40692
W4W8_rmse_span1,168,43,2.74238
W4W8_rmse_span1,168,44,1.90123
W4W8_rmse_span1,168,45,6.2674
W4W8_rmse_span1,168,46,-1.60749
W4W8_rmse_span2,24,0,-0.0412178
W4W8_rmse_span2,24,1,0.0522183
W4W8_rmse_span2,24,2,0.0731478
W4W8_rmse_span2,24,3,0.109399
W4W8_rmse_span2,24,4,0.104886
W4W8_rmse_span2,24,5,-0.0259055
W4W8_rmse_span2,24,6,0.0150923
W4W8_rmse_span2,24,7,0.0363619
W4W8_rmse_span2,24,8,0.187312
W4W8_rmse_span2,24,9,0.124279
W4W8_rmse_span2,24,10,0.0159553
W4W8_rmse_span2,24,11,0.0568139
W4W8_rmse_span2,24,12,0.0640603
W4W8_rmse_span2,24,13,0.0483327
W4W8_rmse_span2,24,14,0.130565
W4W8_rmse_span2,24,15,0.0448003
W4W8_rmse_span2,24,16,0.0542249
W4W8_rmse_span2,24,17,0.0322369
W4W8_rmse_span2,24,18,0.0806191
W4W8_rmse_span2,24,19,0.0675766
W4W8_rmse_span2,24,20,-0.0352919
W4W8_rmse_span2,24,21,0.100242
W4W8_rmse_span2,24,22,-0.0812442
W4W8_rmse_span2,24,23,0.115073
W4W8_rmse_span2,24,24,0.0403246
W4W8_rmse_span2,24,25,0.00653934
W4W8_rmse_span2,24,26,-0.00993683
W4W8_rmse_span2,24,27,-0.024783
W4W8_rmse_span2,24,28,0.0439711
W4W8_rmse_span2,24,29,0.14693
W4W8_rmse_span2,24,30,-0.00340597
W4W8_rmse_span2,24,31,0.00477855
W4W8_rmse_span2,24,32,0.069136
W4W8_rmse_span2,24,33,0.127039
W4W8_rmse_span2,24,34,0.0984421
W4W8_rmse_span2,24,35,0.0722412
W4W8_rmse_span2,24,36,0.0630565
W4W8_rmse_span2,24,37,0.107495
W4W8_rmse_span2,24,38,0.0778569
W4W8_rmse_span2,24,39,0.0527172
W4W8_rmse_span2,24,40,0.0760347
W4W8_rmse_span2,24,41,0.08416
W4W8_rmse_span2,24,42,0.0476695
W4W8_rmse_span2,24,43,0.0511706
W4W8_rmse_span2,24,44,0.0801498
W4W8_rmse_span2,24,45,0.0646656
W4W8_rmse_span2,24,46,0.0990364
W4W8_rmse_span2,72,0,-0.0240128
W4W8_rmse_span2,72,1,0.106422
W4W8_rmse_span2,72,2,0.105028
W4W8_rmse_span2,72,3,0.137771
W4W8_rmse_span2,72,4,-0.10186
W4W8_rmse_span2,72,5,0.0349194
W4W8_rmse_span2,72,6,-0.104292
W4W8_rmse_span2,72,7,-0.400141
W4W8_rmse_span2,72,8,-0.0510357
W4W8_rmse_span2,72,9,-0.0754688
W4W8_rmse_span2,72,10,0.190298
W4W8_rmse_span2,72,11,0.138755
W4W8_rmse_span2,72,12,-0.00823003
W4W8_rmse_span2,72,13,-0.0852619
W4W8_rmse_span2,72,14,0.174528
W4W8_rmse_span2,72,15,-0.00974817
W4W8_rmse_span2,72,16,0.0730273
W4W8_rmse_span2,72,17,0.0874687
W4W8_rmse_span2,72,18,0.122344
W4W8_rmse_span2,72,19,0.116051
W4W8_rmse_span2,72,20,0.0685395
W4W8_rmse_span2,72,21,0.11101
W4W8_rmse_span2,72,22,-0.0694537
W4W8_rmse_span2,72,23,0.119524
W4W8_rmse_span2,72,24,0.134123
W4W8_rmse_span2,72,25,-0.0524267
W4W8_rmse_span2,72,26,0.0728498
W4W8_rmse_span2,72,27,0.120472
W4W8_rmse_span2,72,28,-0.058945
W4W8_rmse_span2,72,29,-0.0710699
W4W8_rmse_span2,72,30,-0.00984141
W4W8_rmse_span2,72,31,0.12358
W4W8_rmse_span2,72,32,0.283167
W4W8_rmse_span2,72,33,0.0784615
W4W8_rmse_span2,72,34,0.0741082
W4W8_rmse_span2,72,35,0.0999511
W4W8_rmse_span2,72,36,0.0489027
W4W8_rmse_span2,72,37,0.16327
W4W8_rmse_span2,72,38,0.346452
W4W8_rmse_span2,72,39,0.156234
W4W8_rmse_span2,72,40,0.139855
W4W8_rmse_span2,72,41,0.186506
W4W8_rmse_span2,72,42,0.0348666
W4W8_rmse_span2,72,43,0.189555
W4W8_rmse_span2,72,44,0.353173
W4W8_rmse_span2,72,45,0.238922
W4W8_rmse_span2,72,46,0.159865
W4W8_rmse_span2,120,0,-0.0650257
W4W8_rmse_span2,120,1,0.0897704
W4W8_rmse_span2,120,2,0.153684
W4W8_rmse_span2,120,3,0.218407
W4W8_rmse_span2,120,4,0.181923
W4W8_rmse_span2,120,5,-0.153484
W4W8_rmse_span2,120,6,0.0112172
W4W8_rmse_span2,120,7,-0.575909
W4W8_rmse_span2,120,8,-0.163251
W4W8_rmse_span2,120,9,-0.151543
W4W8_rmse_span2,120,10,-0.0135573
W4W8_rmse_span2,120,11,0.317318
W4W8_rmse_span2,120,12,0.186526
W4W8_rmse_span2,120,13,-0.266781
W4W8_rmse_span2,120,14,-0.133413
W4W8_rmse_span2,120,15,0.0478387
W4W8_rmse_span2,120,16,0.355973
W4W8_rmse_span2,120,17,0.0338163
W4W8_rmse_span2,120,18,0.198592
W4W8_rmse_span2,120,19,0.0889079
W4W8_rmse_span2,120,20,0.292013
W4W8_rmse_span2,120,21,0.124613
W4W8_rmse_span2,120,22,-0.195325
W4W8_rmse_span2,120,23,0.107527
W4W8_rmse_span2,120,24,0.200512
W4W8_rmse_span2,120,25,-0.0612824
W4W8_rmse_span2,120,26,-0.0720835
W4W8_rmse_span2,120,27,-0.102892
W4W8_rmse_span2,120,28,-0.0815039
W4W8_rmse_span2,120,29,-0.043295
W4W8_rmse_span2,120,30,0.234785
W4W8_rmse_span2,120,31,0.0636604
W4W8_rmse_span2,120,32,0.269513
W4W8_rmse_span2,120,33,-0.162958
W4W8_rmse_span2,120,34,0.340224
W4W8_rmse_span2,120,35,0.143419
W4W8_rmse_span2,120,36,0.176449
W4W8_rmse_span2,120,37,0.030825
W4W8_rmse_span2,120,38,0.360622
W4W8_rmse_span2,120,39,0.178601
W4W8_rmse_span2,120,40,0.0225619
W4W8_rmse_span2,120,41,-0.00859725
W4W8_rmse_span2,120,42,0.0393947
W4W8_rmse_span2,120,43,0.0375786
W4W8_rmse_span2,120,44,0.69861
W4W8_rmse_span2,120,45,0.337601
W4W8_rmse_span2,120,46,0.342709
W4W8_rmse_span2,168,0,-0.127593
W4W8_rmse_span2,168,1,-0.0724427
W4W8_rmse_span2,168,2,0.270996
W4W8_rmse_span2,168,3,0.305255
W4W8_rmse_span2,168,4,0.201323
W4W8_rmse_span2,168,5,-0.387453
W4W8_rmse_span2,168,6,0.199951
W4W8_rmse_span2,168,7,-0.421162
W4W8_rmse_span2,168,8,-0.450177
W4W8_rmse_span2,168,9,-0.015965
W4W8_rmse_span2,168,10,-0.300296
W4W8_rmse_span2,168,11,0.266449
W4W8_rmse_span2,168,12,-0.0350501
W4W8_rmse_span2,168,13,-0.60127
W4W8_rmse_span2,168,14,-0.439815
W4W8_rmse_span2,168,15,0.352336
W4W8_rmse_span2,168,16,-0.126179
W4W8_rmse_span2,168,17,0.00369755
W4W8_rmse_span2,168,18,0.100618
W4W8_rmse_span2,168,19,0.0262206
W4W8_rmse_span2,168,20,0.215508
W4W8_rmse_span2,168,21,-0.263163
W4W8_rmse_span2,168,22,0.00651417
W4W8_rmse_span2,168,23,0.194463
W4W8_rmse_span2,168,24,0.312994
W4W8_rmse_span2,168,25,0.106786
W4W8_rmse_span2,168,26,-0.366199
W4W8_rmse_span2,168,27,-0.0614241
W4W8_rmse_span2,168,28,-0.0712658
W4W8_rmse_span2,168,29,-0.191594
W4W8_rmse_span2,168,30,0.075172
W4W8_rmse_span2,168,31,0.0341578
W4W8_rmse_span2,168,32,0.301771
W4W8_rmse_span2,168,33,-0.204875
W4W8_rmse_span2,168,34,-0.0379878
W4W8_rmse_span2,168,35,-0.130055
W4W8_rmse_span2,168,36,0.0945259
W4W8_rmse_span2,168,37,0.112789
W4W8_rmse_span2,168,38,-0.145227
W4W8_rmse_span2,168,39,0.0395077
W4W8_rmse_span2,168,40,0.188081
W4W8_rmse_span2,168,41,0.0483127
W4W8_rmse_span2,168,42,-0.16324
W4W8_rmse_span2,168,43,0.212739
W4W8_rmse_span2,168,44,0.545128
W4W8_rmse_span2,168,45,0.0790818
W4W8_rmse_span2,168,46,0.173007
W4W8_rmse_span3,24,0,-0.0478264
W4W8_rmse_span3,24,1,0.0111861
W4W8_rmse_span3,24,2,0.0217131
W4W8_rmse_span3,24,3,0.0275093
W4W8_rmse_span3,24,4,0.0030233
W4W8_rmse_span3,24,5,-0.0231172
W4W8_rmse_span3,24,6,-0.0490413
W4W8_rmse_span3,24,7,0.00981211
W4W8_rmse_span3,24,8,0.00758923
W4W8_rmse_span3,24,9,0.00764337
W4W8_rmse_span3,24,10,0.0176661
W4W8_rmse_span3,24,11,0.00886353
W4W8_rmse_span3,24,12,-0.00254069
W4W8_rmse_span3,24,13,0.0341948
W4W8_rmse_span3,24,14,0.0135401
W4W8_rmse_span3,24,15,0.0116645
W4W8_rmse_span3,24,16,-0.0143405
W4W8_rmse_span3,24,17,-0.0316642
W4W8_rmse_span3,24,18,0.00796495
W4W8_rmse_span3,24,19,-0.010652
W4W8_rmse_span3,24,20,0.0175013
W4W8_rmse_span3,24,21,0.00784226
W4W8_rmse_span3,24,22,-0.00983821
W4W8_rmse_span3,24,23,0.0231069
W4W8_rmse_span3,24,24,0.0207163
W4W8_rmse_span3,24,25,0.0123139
W4W8_rmse_span3,24,26,-0.0014532
W4W8_rmse_span3,24,27,-0.0116556
W4W8_rmse_span3,24,28,-0.00864287
W4W8_rmse_span3,24,29,0.0256373
W4W8_rmse_span3,24,30,-0.00106807
W4W8_rmse_span3,24,31,-0.00804183
W4W8_rmse_span3,24,32,-0.017581
W4W8_rmse_span3,24,33,0.0327253
W4W8_rmse_span3,24,34,0.0121514
W4W8_rmse_span3,24,35,-0.0365705
W4W8_rmse_span3,24,36,0.00241216
W4W8_rmse_span3,24,37,0.0255907
W4W8_rmse_span3,24,38,0.0219946
W4W8_rmse_span3,24,39,-0.00475676
W4W8_rmse_span3,24,40,0.000512539
W4W8_rmse_span3,24,41,0.0171065
W4W8_rmse_span3,24,42,0.0563683
W4W8_rmse_span3,24,43,-0.0146415
W4W8_rmse_span3,24,44,0.00353497
W4W8_rmse_span3,24,45,-0.0188603
W4W8_rmse_span3,24,46,-0.00430553
W4W8_rmse_span3,72,0,-0.039846
W4W8_rmse_span3,72,1,0.0151489
W4W8_rmse_span3,72,2,0.00756486
W4W8_rmse_span3,72,3,0.112941
W4W8_rmse_span3,72,4,-0.0409598
W4W8_rmse_span3,72,5,-0.0149401
W4W8_rmse_span3,72,6,-0.00520219
W4W8_rmse_span3,72,7,-0.162848
W4W8_rmse_span3,72,8,-0.116871
W4W8_rmse_span3,72,9,-0.114796
W4W8_rmse_span3,72,10,0.112756
W4W8_rmse_span3,72,11,0.101136
W4W8_rmse_span3,72,12,-0.0436178
W4W8_rmse_span3,72,13,-0.0396749
W4W8_rmse_span3,72,14,0.0994341
W4W8_rmse_span3,72,15,0.0780426
W4W8_rmse_span3,72,16,-0.0450744
W4W8_rmse_span3,72,17,-0.0483793
W4W8_rmse_span3,72,18,-0.028428
W4W8_rmse_span3,72,19,0.0551913
W4W8_rmse_span3,72,20,-0.00098459
W4W8_rmse_span3,72,21,-0.0410442
W4W8_rmse_span3,72,22,-0.0280537
W4W8_rmse_span3,72,23,0.0278241
W4W8_rmse_span3,72,24,0.143665
W4W8_rmse_span3,72,25,-0.0593533
W4W8_rmse_span3,72,26,0.0696327
W4W8_rmse_span3,72,27,0.0197882
W4W8_rmse_span3,72,28,-0.143916
W4W8_rmse_span3,72,29,-0.0548298
W4W8_rmse_span3,72,30,0.0324603
W4W8_rmse_span3,72,31,-0.0473636
W4W8_rmse_span3,72,32,0.0368165
W4W8_rmse_span3,72,33,0.107653
W4W8_rmse_span3,72,34,-0.0659587
W4W8_rmse_span3,72,35,-0.0546282
W4W8_rmse_span3,72,36,-0.00675654
W4W8_rmse_span3,72,37,0.082121
W4W8_rmse_span3,72,38,0.132271
W4W8_rmse_span3,72,39,-0.051645
W4W8_rmse_span3,72,40,0.0165029
W4W8_rmse_span3,72,41,0.0705329
W4W8_rmse_span3,72,42,0.0132316
W4W8_rmse_span3,72,43,0.101995
W4W8_rmse_span3,72,44,0.0959507
W4W8_rmse_span3,72,45,0.0498073
W4W8_rmse_span3,72,46,0.0216051
W4W8_rmse_span3,120,0,-0.0534942
W4W8_rmse_span3,120,1,0.130436
W4W8_rmse_span3,120,2,0.0755746
W4W8_rmse_span3,120,3,0.136361
W4W8_rmse_span3,120,4,-0.152341
W4W8_rmse_span3,120,5,-0.022067
W4W8_rmse_span3,120,6,-0.00399185
W4W8_rmse_span3,120,7,-0.259247
W4W8_rmse_span3,120,8,-0.369295
W4W8_rmse_span3,120,9,-0.0607859
W4W8_rmse_span3,120,10,0.0459478
W4W8_rmse_span3,120,11,0.160549
W4W8_rmse_span3,120,12,0.00640819
W4W8_rmse_span3,120,13,-0.12575
W4W8_rmse_span3,120,14,0.107949
W4W8_rmse_span3,120,15,0.118016
W4W8_rmse_span3,120,16,-0.0167698
W4W8_rmse_span3,120,17,-0.035653
W4W8_rmse_span3,120,18,-0.0353299
W4W8_rmse_span3,120,19,0.0924048
W4W8_rmse_span3,120,20,0.0765882
W4W8_rmse_span3,120,21,0.0912244
W4W8_rmse_span3,120,22,-0.0315713
W4W8_rmse_span3,120,23,0.0294639
W4W8_rmse_span3,120,24,0.227038
W4W8_rmse_span3,120,25,-0.0458566
W4W8_rmse_span3,120,26,0.0701239
W4W8_rmse_span3,120,27,-0.0439881
W4W8_rmse_span3,120,28,-0.0543072
W4W8_rmse_span3,120,29,-0.109962
W4W8_rmse_span3,120,30,0.0991377
W4W8_rmse_span3,120,31,0.010712
W4W8_rmse_span3,120,32,0.0351008
W4W8_rmse_span3,120,33,-0.0130328
W4W8_rmse_span3,120,34,-0.0477148
W4W8_rmse_span3,120,35,0.00632421
W4W8_rmse_span3,120,36,-0.131773
W4W8_rmse_span3,120,37,0.132843
W4W8_rmse_span3,120,38,0.101531
W4W8_rmse_span3,120,39,0.0125217
W4W8_rmse_span3,120,40,-0.0422654
W4W8_rmse_span3,120,41,-0.042416
W4W8_rmse_span3,120,42,-0.0249855
W4W8_rmse_span3,120,43,0.0260745
W4W8_rmse_span3,120,44,0.056538
W4W8_rmse_span3,120,45,0.15307
W4W8_rmse_span3,120,46,0.0461546
W4W8_rmse_span3,168,0,-0.223348
W4W8_rmse_span3,168,1,-0.00635369
W4W8_rmse_span3,168,2,0.0465141
W4W8_rmse_span3,168,3,-0.0142765
W4W8_rmse_span3,168,4,-0.0500436
W4W8_rmse_span3,168,5,0.0194873
W4W8_rmse_span3,168,6,0.106307
W4W8_rmse_span3,168,7,-0.0719992
W4W8_rmse_span3,168,8,-0.200739
W4W8_rmse_span3,168,9,0.0463881
W4W8_rmse_span3,168,10,0.23752
W4W8_rmse_span3,168,11,0.0852556
W4W8_rmse_span3,168,12,-0.0472943
W4W8_rmse_span3,168,13,-0.0495866
W4W8_rmse_span3,168,14,0.0164214
W4W8_rmse_span3,168,15,0.118044
W4W8_rmse_span3,168,16,-0.0676578
W4W8_rmse_span3,168,17,0.069395
W4W8_rmse_span3,168,18,-0.0631396
W4W8_rmse_span3,168,19,0.156314
W4W8_rmse_span3,168,20,0.104705
W4W8_rmse_span3,168,21,0.0402121
W4W8_rmse_span3,168,22,0.11846
W4W8_rmse_span3,168,23,0.025755
W4W8_rmse_span3,168,24,0.22056
W4W8_rmse_span3,168,25,0.0193501
W4W8_rmse_span3,168,26,0.0726705
W4W8_rmse_span3,168,27,-0.0869026
W4W8_rmse_span3,168,28,0.18008
W4W8_rmse_span3,168,29,0.0371828
W4W8_rmse_span3,168,30,0.0016636
W4W8_rmse_span3,168,31,-0.10379
W4W8_rmse_span3,168,32,0.0716854
W4W8_rmse_span3,168,33,0.0558522
W4W8_rmse_span3,168,34,-0.137784
W4W8_rmse_span3,168,35,-0.0480012
W4W8_rmse_span3,168,36,-0.124192
W4W8_rmse_span3,168,37,0.107681
W4W8_rmse_span3,168,38,0.0782314
W4W8_rmse_span3,168,39,-0.0373883
W4W8_rmse_span3,168,40,0.0376797
W4W8_rmse_span3,168,41,-0.0418345
W4W8_rmse_span3,168,42,-0.0330378
W4W8_rmse_span3,168,43,0.25379
W4W8_rmse_span3,168,44,0.0215946
W4W8_rmse_span3,168,45,0.145566
W4W8_rmse_span3,168,46,-0.0095058
