card,scheme,metric,block,order,lead,fp32_mean,quant_mean,pct_diff,sigma,floor_measured,at_floor
rmse,W4,Z 50,GEOPOTENTIAL,0,24,106.29970353535352,135.15262812864725,27.14299629603175,0.0,False,False
rmse,W4,Z 250,GEOPOTENTIAL,1,24,59.995694432772034,72.9512820359715,21.594195593013442,0.0,False,False
rmse,W4,Z 500,GEOPOTENTIAL,2,24,47.394000417207764,56.10873241626581,18.387837959114144,0.0,False,False
rmse,W4,Z 700,GEOPOTENTIAL,3,24,40.864360714548354,47.28556680837082,15.713462737559508,0.0,False,False
rmse,W4,Z 850,GEOPOTENTIAL,4,24,41.847382120425706,47.94024591982028,14.559725102662144,0.0,False,False
rmse,W4,T 50,TEMPERATURE,5,24,0.9673628401260485,1.146516409484156,18.519790292416406,0.0,False,False
rmse,W4,T 250,TEMPERATURE,6,24,0.5126406125716787,0.6558887855252274,27.943196352497225,0.0,False,False
rmse,W4,T 500,TEMPERATURE,7,24,0.44482274648980863,0.533490039468234,19.933174208854645,0.0,False,False
rmse,W4,T 700,TEMPERATURE,8,24,0.4572515672197853,0.5299642280008864,15.902112971031228,0.0,False,False
rmse,W4,T 850,TEMPERATURE,9,24,0.5732426877188003,0.6411456621695144,11.845414848801946,0.0,False,False
rmse,W4,Q 50,HUMIDITY,10,24,3.11892961861767e-08,3.7268369113614146e-08,19.490894860691757,0.0,False,False
rmse,W4,Q 250,HUMIDITY,11,24,2.2681503640925814e-05,2.4727160804752278e-05,9.01905445164289,0.0,False,False
rmse,W4,Q 500,HUMIDITY,12,24,0.00025835183761210384,0.00028021140518519935,8.461162024291859,0.0,False,False
rmse,W4,Q 700,HUMIDITY,13,24,0.0004653732107469364,0.0005045291690661893,8.413883183436056,0.0,False,False
rmse,W4,Q 850,HUMIDITY,14,24,0.0005638050738960304,0.000602828399645127,6.921421525960376,0.0,False,False
rmse,W4,U 50,U-WIND,15,24,1.7717705111029343,2.174175364458157,22.712018900502187,0.0,False,False
rmse,W4,U 250,U-WIND,16,24,2.005566720724004,2.3295925409262033,16.15632214346012,0.0,False,False
rmse,W4,U 500,U-WIND,17,24,1.4320900049108682,1.6335469280371615,14.067336720140835,0.0,False,False
rmse,W4,U 700,U-WIND,18,24,1.1851816373483401,1.310807401586195,10.599705587653467,0.0,False,False
rmse,W4,U 850,U-WIND,19,24,1.071821005656524,1.183190045246072,10.390637895861248,0.0,False,False
rmse,W4,V 50,V-WIND,20,24,1.7442483805977416,1.9906380809590318,14.125837988558388,0.0,False,False
rmse,W4,V 250,V-WIND,21,24,2.0959009744684565,2.475164267572821,18.09547768355564,0.0,False,False
rmse,W4,V 500,V-WIND,22,24,1.5025376384168188,1.799924558822176,19.792310874734913,0.0,False,False
rmse,W4,V 700,V-WIND,23,24,1.2025345508495229,1.3235043906803932,10.059572903365805,0.0,False,False
rmse,W4,V 850,V-WIND,24,24,1.084938903540034,1.1828410301033112,9.023745599299044,0.0,False,False
rmse,W4,T2M,SURFACE,25,24,0.6141011454893194,0.6529255265949585,6.322147644701694,0.0,False,False
rmse,W4,U10,SURFACE,26,24,0.7069913775614691,0.7797038431849141,10.28477403419578,0.0,False,False
rmse,W4,V10,SURFACE,27,24,0.7277620177165643,0.8210615009782153,12.820053944885531,0.0,False,False
rmse,W4,MSLP,SURFACE,28,24,56.408929251946546,65.8426550252161,16.723816421216718,0.0,False,False
rmse,W4,Z 50,GEOPOTENTIAL,0,72,223.85312808468512,318.20676626795336,42.1497966057341,0.0,False,False
rmse,W4,Z 250,GEOPOTENTIAL,1,72,178.53456875672947,211.7176937736567,18.586386517751876,0.0,False,False
rmse,W4,Z 500,GEOPOTENTIAL,2,72,141.37038254411436,163.67194230244672,15.775270149936249,0.0,False,False
rmse,W4,Z 700,GEOPOTENTIAL,3,72,113.28761803145865,128.76760093453623,13.664320224986083,0.0,False,False
rmse,W4,Z 850,GEOPOTENTIAL,4,72,114.08294628948242,126.23036871761407,10.64788631712569,0.0,False,False
rmse,W4,T 50,TEMPERATURE,5,72,1.345847601611094,2.0912847188669557,55.38792923979729,0.0,False,False
rmse,W4,T 250,TEMPERATURE,6,72,1.0090041194208688,1.3922319310900144,37.98079753025234,0.0,False,False
rmse,W4,T 500,TEMPERATURE,7,72,0.8712516555044179,1.129320158128789,29.62043182287676,0.0,False,False
rmse,W4,T 700,TEMPERATURE,8,72,0.8726037173308453,1.0680940453446361,22.403105113024772,0.0,False,False
rmse,W4,T 850,TEMPERATURE,9,72,1.0007906255739705,1.1992700410629975,19.832261655648075,0.0,False,False
rmse,W4,Q 50,HUMIDITY,10,72,5.070317030870964e-08,7.855608737036112e-08,54.933285023534296,0.0,False,False
rmse,W4,Q 250,HUMIDITY,11,72,3.264792970084785e-05,3.7535728813933546e-05,14.971237557396368,0.0,False,False
rmse,W4,Q 500,HUMIDITY,12,72,0.00040829971317248834,0.0004708882512420191,15.329067361624595,0.0,False,False
rmse,W4,Q 700,HUMIDITY,13,72,0.0007492909642413027,0.0008478432039221139,13.152732968106811,0.0,False,False
rmse,W4,Q 850,HUMIDITY,14,72,0.0008731510125402573,0.0009767052442640751,11.859830686394968,0.0,False,False
rmse,W4,U 50,U-WIND,15,72,2.4658944869984265,3.614652087324274,46.58583756858776,0.0,False,False
rmse,W4,U 250,U-WIND,16,72,3.752571599951717,4.5687701607179605,21.750379413859694,0.0,False,False
rmse,W4,U 500,U-WIND,17,72,2.6907658317102885,3.1916347668445617,18.614363584954322,0.0,False,False
rmse,W4,U 700,U-WIND,18,72,2.1389154723341077,2.4431633984769165,14.224401575383247,0.0,False,False
rmse,W4,U 850,U-WIND,19,72,1.984609305929492,2.209183948439408,11.315811219817707,0.0,False,False
rmse,W4,V 50,V-WIND,20,72,2.2201670312672492,2.755216349638817,24.099507417068835,0.0,False,False
rmse,W4,V 250,V-WIND,21,72,3.897961851702542,4.974724100094765,27.62372463757995,0.0,False,False
rmse,W4,V 500,V-WIND,22,72,2.834205888558651,3.52834882885019,24.49162014283122,0.0,False,False
rmse,W4,V 700,V-WIND,23,72,2.194968280206089,2.4038331846787786,9.515622907000695,0.0,False,False
rmse,W4,V 850,V-WIND,24,72,2.031848141073944,2.2250191834923547,9.507159443338564,0.0,False,False
rmse,W4,T2M,SURFACE,25,72,0.9036628713821357,1.00528838833957,11.245954677987369,0.0,False,False
rmse,W4,U10,SURFACE,26,72,1.3594478828153806,1.5029846874218606,10.558463212964007,0.0,False,False
rmse,W4,V10,SURFACE,27,72,1.421280092316985,1.6238511618669391,14.252719829468708,0.0,False,False
rmse,W4,MSLP,SURFACE,28,72,149.5880058631787,172.07797865680425,15.034609669304707,0.0,False,False
rmse,W4,Z 50,GEOPOTENTIAL,0,120,327.9400291671898,506.7740017704661,54.53252323524784,0.0,False,False
rmse,W4,Z 250,GEOPOTENTIAL,1,120,386.66228204721216,437.5392212515885,13.157978309910298,0.0,False,False
rmse,W4,Z 500,GEOPOTENTIAL,2,120,297.1992938010881,331.08951601023773,11.403197422074607,0.0,False,False
rmse,W4,Z 700,GEOPOTENTIAL,3,120,230.93411000911323,256.8536862580638,11.223797232867739,0.0,False,False
rmse,W4,Z 850,GEOPOTENTIAL,4,120,225.36234002804193,246.02463210343402,9.168476007491345,0.0,False,False
rmse,W4,T 50,TEMPERATURE,5,120,1.5974590555083956,3.0024255335952112,87.95007754609907,0.0,False,False
rmse,W4,T 250,TEMPERATURE,6,120,1.5904307371276347,2.1240706198847867,33.55316709490421,0.0,False,False
rmse,W4,T 500,TEMPERATURE,7,120,1.4751266176350337,1.834729478008635,24.37776229339059,0.0,False,False
rmse,W4,T 700,TEMPERATURE,8,120,1.4729339128333738,1.7454369408590815,18.500696171867876,0.0,False,False
rmse,W4,T 850,TEMPERATURE,9,120,1.6138719931665446,1.895521052078466,17.451759501650663,0.0,False,False
rmse,W4,Q 50,HUMIDITY,10,120,6.315395213919795e-08,1.1715117456491345e-07,85.50093952425964,0.0,False,False
rmse,W4,Q 250,HUMIDITY,11,120,3.8513448626662636e-05,4.508949753402528e-05,17.074682070434175,0.0,False,False
rmse,W4,Q 500,HUMIDITY,12,120,0.0005178109358779471,0.0006154962515965553,18.86505458850207,0.0,False,False
rmse,W4,Q 700,HUMIDITY,13,120,0.0009838760755593553,0.0011270497801963014,14.552005907405434,0.0,False,False
rmse,W4,Q 850,HUMIDITY,14,120,0.0011303856292557992,0.0012714952941655245,12.483320847118897,0.0,False,False
rmse,W4,U 50,U-WIND,15,120,2.9665208048054117,4.758787912437213,60.41646850170547,0.0,False,False
rmse,W4,U 250,U-WIND,16,120,5.980561128926917,7.205412479498215,20.480542279668523,0.0,False,False
rmse,W4,U 500,U-WIND,17,120,4.226721002708296,4.981048726105965,17.84664099935456,0.0,False,False
rmse,W4,U 700,U-WIND,18,120,3.2917526328908817,3.7392442761732982,13.59432780006378,0.0,False,False
rmse,W4,U 850,U-WIND,19,120,3.0929176011668686,3.4129250081675537,10.346457560975937,0.0,False,False
rmse,W4,V 50,V-WIND,20,120,2.6729022425314564,3.5815707907681005,33.99557730835905,0.0,False,False
rmse,W4,V 250,V-WIND,21,120,6.359058147904259,8.057172748010746,26.703869670796003,0.0,False,False
rmse,W4,V 500,V-WIND,22,120,4.518226874424861,5.43456312872365,20.280881854022276,0.0,False,False
rmse,W4,V 700,V-WIND,23,120,3.4165260674915365,3.7044088078410033,8.426183048585212,0.0,False,False
rmse,W4,V 850,V-WIND,24,120,3.163425567498881,3.4558436028892365,9.243714737424717,0.0,False,False
rmse,W4,T2M,SURFACE,25,120,1.3100018348978641,1.4614407995327474,11.560210115788912,0.0,False,False
rmse,W4,U10,SURFACE,26,120,2.153504032980011,2.3452120748632743,8.902144548946046,0.0,False,False
rmse,W4,V10,SURFACE,27,120,2.2813153571456968,2.5847740061632307,13.301915847233456,0.0,False,False
rmse,W4,MSLP,SURFACE,28,120,294.1491964766043,330.8221540137447,12.46746820199363,0.0,False,False
rmse,W4,Z 50,GEOPOTENTIAL,0,168,487.2494026101496,704.4379596288481,44.57441217069527,0.0,False,False
rmse,W4,Z 250,GEOPOTENTIAL,1,168,640.6684612210171,707.4513249723253,10.42393496692973,0.0,False,False
rmse,W4,Z 500,GEOPOTENTIAL,2,168,477.04575747420046,523.8452309324535,9.810269292832793,0.0,False,False
rmse,W4,Z 700,GEOPOTENTIAL,3,168,368.5874963110032,404.86853014194855,9.843262235985486,0.0,False,False
rmse,W4,Z 850,GEOPOTENTIAL,4,168,351.9858701524251,379.56948628959753,7.836569156945857,0.0,False,False
rmse,W4,T 50,TEMPERATURE,5,168,1.9409949071593897,3.8937528820595158,100.60603290082565,0.0,False,False
rmse,W4,T 250,TEMPERATURE,6,168,2.1275180877341824,2.7840900204717314,30.86093305259752,0.0,False,False
rmse,W4,T 500,TEMPERATURE,7,168,2.1189685370647258,2.546585330175513,20.180422013397987,0.0,False,False
rmse,W4,T 700,TEMPERATURE,8,168,2.1499551400086325,2.490886529693677,15.85760480954387,0.0,False,False
rmse,W4,T 850,TEMPERATURE,9,168,2.35859095132945,2.697371471330424,14.363682681391454,0.0,False,False
rmse,W4,Q 50,HUMIDITY,10,168,7.690846548943105e-08,1.5631679337509994e-07,103.25043853147919,0.0,False,False
rmse,W4,Q 250,HUMIDITY,11,168,4.424057173915023e-05,5.250414332210387e-05,18.678717878414943,0.0,False,False
rmse,W4,Q 500,HUMIDITY,12,168,0.0006207338232777999,0.0007372588324007905,18.772137871862284,0.0,False,False
rmse,W4,Q 700,HUMIDITY,13,168,0.0011939742757268242,0.001361658867184647,14.044238210722412,0.0,False,False
rmse,W4,Q 850,HUMIDITY,14,168,0.0013556027775970074,0.0015193366167396455,12.078305079374275,0.0,False,False
rmse,W4,U 50,U-WIND,15,168,3.6911371385777745,5.997135350999147,62.47392404688309,0.0,False,False
rmse,W4,U 250,U-WIND,16,168,8.362173059478774,9.864724391381614,17.96843142584394,0.0,False,False
rmse,W4,U 500,U-WIND,17,168,5.764363744000702,6.703745117706658,16.296358374046452,0.0,False,False
rmse,W4,U 700,U-WIND,18,168,4.462599153978473,4.9931393427135875,11.88859161285258,0.0,False,False
rmse,W4,U 850,U-WIND,19,168,4.174045007652533,4.566844166100388,9.410515644362054,0.0,False,False
rmse,W4,V 50,V-WIND,20,168,3.340340759688218,4.4899560807568095,34.41610912701897,0.0,False,False
rmse,W4,V 250,V-WIND,21,168,9.186497395190157,11.313345429561572,23.15189285837042,0.0,False,False
rmse,W4,V 500,V-WIND,22,168,6.2280874431824,7.322300883882331,17.56901216757508,0.0,False,False
rmse,W4,V 700,V-WIND,23,168,4.666901557194336,5.003226249099035,7.206594949195629,0.0,False,False
rmse,W4,V 850,V-WIND,24,168,4.287314639272843,4.629792579612388,7.98816903248398,0.0,False,False
rmse,W4,T2M,SURFACE,25,168,1.782893884362936,1.9552971771716772,9.669857209159943,0.0,False,False
rmse,W4,U10,SURFACE,26,168,2.9131332894443016,3.149047390616587,8.098294095471598,0.0,False,False
rmse,W4,V10,SURFACE,27,168,3.064912866059477,3.432030451451142,11.978075770345264,0.0,False,False
rmse,W4,MSLP,SURFACE,28,168,456.9132836501472,505.0874696670161,10.54339800148057,0.0,False,False
physics,W4,RMSE Z500,RMSE,0,24,47.394000417207764,56.10873241626581,18.387837959114144,8.312793488198138e-05,True,False
physics,W4,RMSE T850,RMSE,1,24,0.5732426877188003,0.6411456621695144,11.845414848801946,4.3245072060442985e-07,True,False
physics,W4,RMSE Q700,RMSE,2,24,0.0004653732107469364,0.0005045291690661893,8.413883183436056,4.6231744295739106e-10,True,False
physics,W4,|Vag| 50hPa,BALANCE,3,24,2.565356510877609,3.3439311027526855,30.349566953901697,0.0,False,False
physics,W4,|Vag| 250hPa,BALANCE,4,24,5.286162281036377,5.796726858615875,9.658511230559478,2.1254762690118018e-05,True,False
physics,W4,|Vag| 500hPa,BALANCE,5,24,2.5928920030593874,2.999981075525284,15.700193914191825,1.02063442798371e-05,True,False
physics,W4,|Vag| 850hPa,BALANCE,6,24,2.6449722170829775,2.8398949682712553,7.369557605533169,1.3016639871800198e-06,True,False
physics,W4,Vag/Vg 50hPa,BALANCE,7,24,0.1785370036959648,0.23092477582395077,29.34280907794242,0.0,False,False
physics,W4,Vag/Vg 250hPa,BALANCE,8,24,0.20059208571910858,0.2184763878583908,8.91575660882544,7.827865316512737e-07,True,False
physics,W4,Vag/Vg 500hPa,BALANCE,9,24,0.16025833338499068,0.1831644546240568,14.293248129592397,5.816525601326151e-07,True,False
physics,W4,Vag/Vg 850hPa,BALANCE,10,24,0.27441602647304536,0.2906382068991661,5.911528067298998,1.34681133513755e-07,True,False
physics,W4,HypsRel 600-500,BALANCE,11,24,0.0018897587820625942,0.0028564014918027376,51.151645327193165,9.871793043194891e-09,True,False
physics,W4,|DryAir Md err|,CONSERVATION,12,24,17387932035712.0,18763811228032.0,7.912839718341242,249942987.7106383,True,False
physics,W4,neg-q fraction,CONSERVATION,13,24,0.0022372906965756555,0.02281517693772912,919.7681049069525,1.798071799443123e-07,True,False
physics,W4,|neg-q mass|,CONSERVATION,14,24,110774068403.2,3807887176499.2,3337.5257958740813,1146309.1744680852,True,False
physics,W4,SpecDivW1 Z500,SPECTRAL,15,24,0.01174367938842653,0.009776907083277022,-16.74749659027455,1.5141757831036094e-07,True,False
physics,W4,SpecDivW1 T850,SPECTRAL,16,24,0.034571250479333314,0.025603525283445495,-25.93983460693365,3.8565798627728224e-07,True,False
physics,W4,SpecDivW1 Q700,SPECTRAL,17,24,0.5580128893642261,0.3040100343160858,-45.5191734616631,2.4855429457472876e-06,True,False
physics,W4,SpecResLog Z500,SPECTRAL,18,24,0.1488671420164445,0.08795603166289988,-40.916423549540646,2.7205748261717366e-06,True,False
physics,W4,SpecResLog T850,SPECTRAL,19,24,0.11019972140014751,0.09709908608423239,-11.888083880307876,5.298487113893464e-07,True,False
physics,W4,SpecResLog Q700,SPECTRAL,20,24,0.15960012144505045,0.11246114840337759,-29.53567491983556,8.175958987881167e-07,True,False
physics,W4,|RQE| Z500,EXTREMES,21,24,0.0009112445634855248,0.0010842541694728424,18.986078262629427,2.898171821490247e-07,True,False
physics,W4,|RQE| T850,EXTREMES,22,24,0.001539781979226973,0.001300703650122159,-15.526764979081,2.234275675715601e-07,True,False
physics,W4,|RQE| Q700,EXTREMES,23,24,0.07520997626706957,0.043972274207044394,-41.53398739164673,3.1508148667660163e-06,True,False
physics,W4,RMSE Z500,RMSE,0,72,141.37038254411436,163.67194230244672,15.775270149936249,0.00022573268159906915,True,False
physics,W4,RMSE T850,RMSE,1,72,1.0007906255739705,1.1992700410629975,19.832261655648075,8.134131735943732e-07,True,False
physics,W4,RMSE Q700,RMSE,2,72,0.0007492909642413027,0.0008478432039221139,13.152732968106811,6.469719587488378e-10,True,False
physics,W4,|Vag| 50hPa,BALANCE,3,72,3.079332035779953,5.123722946643829,66.39072653125109,0.0,False,False
physics,W4,|Vag| 250hPa,BALANCE,4,72,5.346157348155975,7.0594530463218685,32.047236670968026,2.0327466599484707e-05,True,False
physics,W4,|Vag| 500hPa,BALANCE,5,72,2.5715263366699217,3.8370167195796965,49.2116438732866,9.827918194709939e-06,True,False
physics,W4,|Vag| 850hPa,BALANCE,6,72,2.596181744337082,3.111933559179306,19.865782353920608,1.8495194455410569e-06,True,False
physics,W4,Vag/Vg 50hPa,BALANCE,7,72,0.21255174688994885,0.3409156732261181,60.39184726278969,0.0,False,False
physics,W4,Vag/Vg 250hPa,BALANCE,8,72,0.20418094024062156,0.26375808753073215,29.17860365414156,7.221673397307701e-07,True,False
physics,W4,Vag/Vg 500hPa,BALANCE,9,72,0.16148294247686862,0.2323045488446951,43.857019993285796,5.726484542197369e-07,True,False
physics,W4,Vag/Vg 850hPa,BALANCE,10,72,0.2766478732228279,0.31728241965174675,14.688183196763442,1.3366658636864196e-07,True,False
physics,W4,HypsRel 600-500,BALANCE,11,72,0.0021452943449796224,0.0052111003983644506,142.90841070640818,8.306551877830333e-09,True,False
physics,W4,|DryAir Md err|,CONSERVATION,12,72,42829604144947.2,49401062376678.4,15.34326165960247,415583942.2638297,True,False
physics,W4,neg-q fraction,CONSERVATION,13,72,0.003831012579757953,0.044455133844166994,1060.4016671481593,2.2975034377676376e-07,True,False
physics,W4,|neg-q mass|,CONSERVATION,14,72,256375649689.6,12109126749388.8,4623.1969042495275,525926.4,True,False
physics,W4,SpecDivW1 Z500,SPECTRAL,15,72,0.04734305516816376,0.028511171737847934,-39.77749928352635,2.33399840126877e-07,True,False
physics,W4,SpecDivW1 T850,SPECTRAL,16,72,0.13077276279079944,0.07384415611336541,-43.53246460694892,3.9740140702118675e-07,True,False
physics,W4,SpecDivW1 Q700,SPECTRAL,17,72,1.5847931131531516,1.0147587476433948,-35.96900824332833,3.968573588510551e-06,True,False
physics,W4,SpecResLog Z500,SPECTRAL,18,72,0.5251080348901255,0.25394789476107016,-51.63892420457694,4.040530647911618e-06,True,False
physics,W4,SpecResLog T850,SPECTRAL,19,72,0.29112383586683566,0.20604806390514535,-29.22322444274375,1.0364740602642155e-06,True,False
physics,W4,SpecResLog Q700,SPECTRAL,20,72,0.4695301406040895,0.2912675325003555,-37.96616930158826,1.6904693037880838e-06,True,False
physics,W4,|RQE| Z500,EXTREMES,21,72,0.002052200911384716,0.003606949036839069,75.76003484012155,2.409237377504085e-07,True,False
physics,W4,|RQE| T850,EXTREMES,22,72,0.001675813118708902,0.002233839010295924,33.298813892622,3.0993207783854386e-07,True,False
physics,W4,|RQE| Q700,EXTREMES,23,72,0.1477331225760281,0.05260921799344942,-64.38901643984742,3.928294841279375e-06,True,False
physics,W4,RMSE Z500,RMSE,0,120,297.1992938010881,331.08951601023773,11.403197422074607,0.0007873535156249999,True,False
physics,W4,RMSE T850,RMSE,1,120,1.6138719931665446,1.895521052078466,17.451759501650663,2.256352850731383e-06,True,False
physics,W4,RMSE Q700,RMSE,2,120,0.0009838760755593553,0.0011270497801963014,14.552005907405434,1.2325162583209099e-09,True,False
physics,W4,|Vag| 50hPa,BALANCE,3,120,3.6825262308120728,6.892871785163879,87.17780548283724,0.0,False,False
physics,W4,|Vag| 250hPa,BALANCE,4,120,5.351528131961823,8.4018430352211,56.998951104103774,2.100518409242021e-05,True,False
physics,W4,|Vag| 500hPa,BALANCE,5,120,2.5819884300231934,4.642342805862427,79.7971962957528,9.123822476001495e-06,True,False
physics,W4,|Vag| 850hPa,BALANCE,6,120,2.5783519625663756,3.4058784365653993,32.09517110206091,2.42273858252992e-06,True,False
physics,W4,Vag/Vg 50hPa,BALANCE,7,120,0.25039272867143153,0.4379353173077106,74.89937492648792,0.0,False,False
physics,W4,Vag/Vg 250hPa,BALANCE,8,120,0.20757332742214202,0.3147164411842823,51.616994867670684,7.750506096697867e-07,True,False
physics,W4,Vag/Vg 500hPa,BALANCE,9,120,0.16644311137497425,0.2831919215619564,70.14337164363778,5.431631778148894e-07,True,False
physics,W4,Vag/Vg 850hPa,BALANCE,10,120,0.2863327294588089,0.35246433690190315,23.096069935172324,1.6778073412306761e-07,True,False
physics,W4,HypsRel 600-500,BALANCE,11,120,0.0024162212527233753,0.00745979938034509,208.73825697613532,6.268103164260551e-09,True,False
physics,W4,|DryAir Md err|,CONSERVATION,12,120,54298166793164.8,61624894480281.6,13.493508381279483,532388349.82127655,True,False
physics,W4,neg-q fraction,CONSERVATION,13,120,0.0055891772586619485,0.057408261485397814,927.1325962408531,1.498344453408363e-07,True,False
physics,W4,|neg-q mass|,CONSERVATION,14,120,395305019980.8,18735402136371.2,4639.479943179365,796408.374468085,True,False
physics,W4,SpecDivW1 Z500,SPECTRAL,15,120,0.10668702309374327,0.06494243935951886,-39.12807998920775,5.741047440145198e-07,True,False
physics,W4,SpecDivW1 T850,SPECTRAL,16,120,0.2363252797837613,0.16742665943559934,-29.154147373147943,6.705656936959199e-07,True,False
physics,W4,SpecDivW1 Q700,SPECTRAL,17,120,2.514150654791609,1.7957092567737483,-28.575908792443077,3.89930534098122e-06,True,False
physics,W4,SpecResLog Z500,SPECTRAL,18,120,0.9803284959163312,0.5415086426703655,-44.762531648719715,5.819765256058809e-06,True,False
physics,W4,SpecResLog T850,SPECTRAL,19,120,0.526553650798614,0.40114401003131384,-23.817067943046972,1.4847145995831128e-06,True,False
physics,W4,SpecResLog Q700,SPECTRAL,20,120,0.853566316741545,0.5571491997605198,-34.72689950003951,1.7484622986846742e-06,True,False
physics,W4,|RQE| Z500,EXTREMES,21,120,0.003987607173621654,0.005694911690443405,42.81526345212009,3.4424790894573035e-07,True,False
physics,W4,|RQE| T850,EXTREMES,22,120,0.0022641459512669827,0.0026958896371070294,19.068721501741056,3.2266809981554106e-07,True,False
physics,W4,|RQE| Q700,EXTREMES,23,120,0.23378538824617862,0.08937252846080809,-61.77155076659547,2.491030287235341e-06,True,False
physics,W4,RMSE Z500,RMSE,0,168,477.04575747420046,523.8452309324535,9.810269292832793,0.001286153590425532,True,False
physics,W4,RMSE T850,RMSE,1,168,2.35859095132945,2.697371471330424,14.363682681391454,5.2857906260388965e-06,True,False
physics,W4,RMSE Q700,RMSE,2,168,0.0011939742757268242,0.001361658867184647,14.044238210722412,1.1824824391527379e-09,True,False
physics,W4,|Vag| 50hPa,BALANCE,3,168,4.301926904916764,8.621168518066407,100.40248727176396,0.0,False,False
physics,W4,|Vag| 250hPa,BALANCE,4,168,5.366492509841919,9.79374463558197,82.49805841749819,1.723715599547041e-05,True,False
physics,W4,|Vag| 500hPa,BALANCE,5,168,2.673031008243561,5.480127966403961,105.01550298157346,7.949991429105718e-06,True,False
physics,W4,|Vag| 850hPa,BALANCE,6,168,2.5738034665584566,3.7120957374572754,44.22607575476143,3.2039398842669545e-06,True,False
physics,W4,Vag/Vg 50hPa,BALANCE,7,168,0.2880367342382669,0.5213865950703621,81.01392395286145,0.0,False,False
physics,W4,Vag/Vg 250hPa,BALANCE,8,168,0.2138738863170147,0.3743005931377411,75.00995543838101,6.579338236058012e-07,True,False
physics,W4,Vag/Vg 500hPa,BALANCE,9,168,0.17948650047183037,0.3432250589132309,91.22611339068287,4.781053421345163e-07,True,False
physics,W4,Vag/Vg 850hPa,BALANCE,10,168,0.3020104058086872,0.39402804225683213,30.468366214651166,2.3600902963191906e-07,True,False
physics,W4,HypsRel 600-500,BALANCE,11,168,0.0027178606795670844,0.009644888601608198,254.87060371116922,6.923083792782102e-09,True,False
physics,W4,|DryAir Md err|,CONSERVATION,12,168,61224813831244.8,69036655336371.2,12.759273595601849,677868757.5148935,True,False
physics,W4,neg-q fraction,CONSERVATION,13,168,0.008016498644428794,0.06688279630616308,734.3143219096587,2.597275368393735e-07,True,False
physics,W4,|neg-q mass|,CONSERVATION,14,168,640942483865.6,24444306482790.4,3713.8065580181064,1965300.0170212765,True,False
physics,W4,SpecDivW1 Z500,SPECTRAL,15,168,0.16761684603118007,0.1285668235886943,-23.297194385355322,8.364450910688876e-07,True,False
physics,W4,SpecDivW1 T850,SPECTRAL,16,168,0.34187072099182514,0.2993607567723565,-12.43451445509577,7.763147107935637e-07,True,False
physics,W4,SpecDivW1 Q700,SPECTRAL,17,168,3.363326323142431,2.549598866974679,-24.194127419889128,5.7984310562185e-06,True,False
physics,W4,SpecResLog Z500,SPECTRAL,18,168,1.3497551466967934,0.7666451975552694,-43.20116508305583,7.900357517776777e-06,True,False
physics,W4,SpecResLog T850,SPECTRAL,19,168,0.7375037912703352,0.5978994963687199,-18.92929860891288,1.8566658550917109e-06,True,False
physics,W4,SpecResLog Q700,SPECTRAL,20,168,1.2646213667724404,0.8564391461282621,-32.27703021386858,2.838551224112969e-06,True,False
physics,W4,|RQE| Z500,EXTREMES,21,168,0.006353857653448358,0.007097872878148337,11.70966152029213,2.823770046234131e-07,True,False
physics,W4,|RQE| T850,EXTREMES,22,168,0.0038568561161810067,0.004248758044559509,10.161175749707686,3.5228242384309464e-07,True,False
physics,W4,|RQE| Q700,EXTREMES,23,168,0.2938850261271,0.11078376793302595,-62.30370448165877,2.8692027355762237e-06,True,False
rmse,W8,Z 50,GEOPOTENTIAL,0,24,106.29970353535352,106.95515956365152,0.6166113417992846,0.0,False,False
rmse,W8,Z 250,GEOPOTENTIAL,1,24,59.995694432772034,60.009518688149015,0.02304207911531405,0.0,False,False
rmse,W8,Z 500,GEOPOTENTIAL,2,24,47.394000417207764,47.54419319774156,0.316902517642862,0.0,False,False
rmse,W8,Z 700,GEOPOTENTIAL,3,24,40.864360714548354,40.907614274858155,0.10584665844142613,0.0,False,False
rmse,W8,Z 850,GEOPOTENTIAL,4,24,41.847382120425706,41.95099368416103,0.24759389592676034,0.0,False,False
rmse,W8,T 50,TEMPERATURE,5,24,0.9673628401260485,0.9699317845520822,0.265561619639947,0.0,False,False
rmse,W8,T 250,TEMPERATURE,6,24,0.5126406125716787,0.5133721283256452,0.14269563043333372,0.0,False,False
rmse,W8,T 500,TEMPERATURE,7,24,0.44482274648980863,0.44587840995674943,0.23732227618107885,0.0,False,False
rmse,W8,T 700,TEMPERATURE,8,24,0.4572515672197853,0.45812562974526577,0.19115571998910472,0.0,False,False
rmse,W8,T 850,TEMPERATURE,9,24,0.5732426877188003,0.573997492764738,0.1316728607461953,0.0,False,False
rmse,W8,Q 50,HUMIDITY,10,24,3.11892961861767e-08,3.123117995325737e-08,0.13428891383329936,0.0,False,False
rmse,W8,Q 250,HUMIDITY,11,24,2.2681503640925814e-05,2.270565264396242e-05,0.10647002693874301,0.0,False,False
rmse,W8,Q 500,HUMIDITY,12,24,0.00025835183761210384,0.0002585572253748213,0.07949924591821447,0.0,False,False
rmse,W8,Q 700,HUMIDITY,13,24,0.0004653732107469364,0.00046537242792130644,-0.00016821458817795296,0.0,False,False
rmse,W8,Q 850,HUMIDITY,14,24,0.0005638050738960304,0.0005645110448788661,0.12521543624240616,0.0,False,False
rmse,W8,U 50,U-WIND,15,24,1.7717705111029343,1.7762183150308206,0.2510372477707384,0.0,False,False
rmse,W8,U 250,U-WIND,16,24,2.005566720724004,2.018454972075586,0.6426239136501717,0.0,False,False
rmse,W8,U 500,U-WIND,17,24,1.4320900049108682,1.4335447161156136,0.10157959344433275,0.0,False,False
rmse,W8,U 700,U-WIND,18,24,1.1851816373483401,1.1851215324197202,-0.0050713685333869515,0.0,False,False
rmse,W8,U 850,U-WIND,19,24,1.071821005656524,1.0738056236998348,0.18516319729105296,0.0,False,False
rmse,W8,V 50,V-WIND,20,24,1.7442483805977416,1.7473289917206045,0.17661539245960195,0.0,False,False
rmse,W8,V 250,V-WIND,21,24,2.0959009744684565,2.0981838657771057,0.10892171607621838,0.0,False,False
rmse,W8,V 500,V-WIND,22,24,1.5025376384168188,1.5039366956551294,0.09311295787470807,0.0,False,False
rmse,W8,V 700,V-WIND,23,24,1.2025345508495229,1.2026495698166964,0.009564712056898513,0.0,False,False
rmse,W8,V 850,V-WIND,24,24,1.084938903540034,1.0858499138683935,0.0839688138554955,0.0,False,False
rmse,W8,T2M,SURFACE,25,24,0.6141011454893194,0.614743066030462,0.10453009994488167,0.0,False,False
rmse,W8,U10,SURFACE,26,24,0.7069913775614691,0.7073963951979443,0.05728749307694969,0.0,False,False
rmse,W8,V10,SURFACE,27,24,0.7277620177165643,0.7283555386558261,0.08155426153236639,0.0,False,False
rmse,W8,MSLP,SURFACE,28,24,56.408929251946546,56.501772094103316,0.16458891063521897,0.0,False,False
rmse,W8,Z 50,GEOPOTENTIAL,0,72,223.85312808468512,225.90881518491497,0.9183195775813177,0.0,False,False
rmse,W8,Z 250,GEOPOTENTIAL,1,72,178.53456875672947,178.24646309393245,-0.16137248086088812,0.0,False,False
rmse,W8,Z 500,GEOPOTENTIAL,2,72,141.37038254411436,141.4593846899145,0.06295671285486544,0.0,False,False
rmse,W8,Z 700,GEOPOTENTIAL,3,72,113.28761803145865,113.20827895729705,-0.0700333147966476,0.0,False,False
rmse,W8,Z 850,GEOPOTENTIAL,4,72,114.08294628948242,114.29242581980043,0.18362037195853767,0.0,False,False
rmse,W8,T 50,TEMPERATURE,5,72,1.345847601611094,1.3550773507851956,0.6857945255504992,0.0,False,False
rmse,W8,T 250,TEMPERATURE,6,72,1.0090041194208688,1.0107604987221666,0.1740705778590767,0.0,False,False
rmse,W8,T 500,TEMPERATURE,7,72,0.8712516555044179,0.8730406405996216,0.20533505834981833,0.0,False,False
rmse,W8,T 700,TEMPERATURE,8,72,0.8726037173308453,0.875203499999932,0.2979339438340909,0.0,False,False
rmse,W8,T 850,TEMPERATURE,9,72,1.0007906255739705,1.0006654918949063,-0.012503482333522754,0.0,False,False
rmse,W8,Q 50,HUMIDITY,10,72,5.070317030870964e-08,5.1044360277896706e-08,0.6729164411410665,0.0,False,False
rmse,W8,Q 250,HUMIDITY,11,72,3.264792970084785e-05,3.2666503787086025e-05,0.05689207986040429,0.0,False,False
rmse,W8,Q 500,HUMIDITY,12,72,0.00040829971317248834,0.00040886645932802204,0.13880640550297857,0.0,False,False
rmse,W8,Q 700,HUMIDITY,13,72,0.0007492909642413027,0.0007491076366840265,-0.024466804756121383,0.0,False,False
rmse,W8,Q 850,HUMIDITY,14,72,0.0008731510125402573,0.0008744268420677913,0.14611785466780358,0.0,False,False
rmse,W8,U 50,U-WIND,15,72,2.4658944869984265,2.4732072419238977,0.29655587309303627,0.0,False,False
rmse,W8,U 250,U-WIND,16,72,3.752571599951717,3.796597991965117,1.1732325644090724,0.0,False,False
rmse,W8,U 500,U-WIND,17,72,2.6907658317102885,2.696746456301041,0.22226477385254959,0.0,False,False
rmse,W8,U 700,U-WIND,18,72,2.1389154723341077,2.136393750413766,-0.11789722188460762,0.0,False,False
rmse,W8,U 850,U-WIND,19,72,1.984609305929492,1.9907438603047072,0.3091063997778662,0.0,False,False
rmse,W8,V 50,V-WIND,20,72,2.2201670312672492,2.225686028681023,0.24858478375942367,0.0,False,False
rmse,W8,V 250,V-WIND,21,72,3.897961851702542,3.8999062241363602,0.04988177175128432,0.0,False,False
rmse,W8,V 500,V-WIND,22,72,2.834205888558651,2.835656265730595,0.05117402295292207,0.0,False,False
rmse,W8,V 700,V-WIND,23,72,2.194968280206089,2.191269611816051,-0.1685066897500081,0.0,False,False
rmse,W8,V 850,V-WIND,24,72,2.031848141073944,2.0310292615287153,-0.04030220215158568,0.0,False,False
rmse,W8,T2M,SURFACE,25,72,0.9036628713821357,0.9044914347606618,0.09168943471793095,0.0,False,False
rmse,W8,U10,SURFACE,26,72,1.3594478828153806,1.3595498289909194,0.007499086712142746,0.0,False,False
rmse,W8,V10,SURFACE,27,72,1.421280092316985,1.4204847293155278,-0.05596103159093771,0.0,False,False
rmse,W8,MSLP,SURFACE,28,72,149.5880058631787,149.6556667916195,0.045231519766824074,0.0,False,False
rmse,W8,Z 50,GEOPOTENTIAL,0,120,327.9400291671898,333.1130794934324,1.5774379051498169,0.0,False,False
rmse,W8,Z 250,GEOPOTENTIAL,1,120,386.66228204721216,385.6853610073804,-0.25265485804806165,0.0,False,False
rmse,W8,Z 500,GEOPOTENTIAL,2,120,297.1992938010881,297.22897795958386,0.009987964007615651,0.0,False,False
rmse,W8,Z 700,GEOPOTENTIAL,3,120,230.93411000911323,230.9193179214176,-0.006405328210308724,0.0,False,False
rmse,W8,Z 850,GEOPOTENTIAL,4,120,225.36234002804193,225.72369263419804,0.16034294199783078,0.0,False,False
rmse,W8,T 50,TEMPERATURE,5,120,1.5974590555083956,1.6180824553275348,1.291012733504818,0.0,False,False
rmse,W8,T 250,TEMPERATURE,6,120,1.5904307371276347,1.5938626019833266,0.21578210075906626,0.0,False,False
rmse,W8,T 500,TEMPERATURE,7,120,1.4751266176350337,1.4769512471323698,0.1236930766161201,0.0,False,False
rmse,W8,T 700,TEMPERATURE,8,120,1.4729339128333738,1.4750791772735588,0.1456456682471407,0.0,False,False
rmse,W8,T 850,TEMPERATURE,9,120,1.6138719931665446,1.611283050931015,-0.16041806577545997,0.0,False,False
rmse,W8,Q 50,HUMIDITY,10,120,6.315395213919795e-08,6.353217234352533e-08,0.5988860419910816,0.0,False,False
rmse,W8,Q 250,HUMIDITY,11,120,3.8513448626662636e-05,3.853979780438685e-05,0.06841552409298356,0.0,False,False
rmse,W8,Q 500,HUMIDITY,12,120,0.0005178109358779471,0.0005182247670835544,0.07991936379358634,0.0,False,False
rmse,W8,Q 700,HUMIDITY,13,120,0.0009838760755593553,0.0009836853504773932,-0.019385071626389652,0.0,False,False
rmse,W8,Q 850,HUMIDITY,14,120,0.0011303856292557992,0.001132189156553152,0.159549736892901,0.0,False,False
rmse,W8,U 50,U-WIND,15,120,2.9665208048054117,2.9786370702929963,0.40843352481997386,0.0,False,False
rmse,W8,U 250,U-WIND,16,120,5.980561128926917,6.0426916034847125,1.0388736645008343,0.0,False,False
rmse,W8,U 500,U-WIND,17,120,4.226721002708296,4.233823647506055,0.16804148637224564,0.0,False,False
rmse,W8,U 700,U-WIND,18,120,3.2917526328908817,3.2889208699593393,-0.08602599427574557,0.0,False,False
rmse,W8,U 850,U-WIND,19,120,3.0929176011668686,3.103102659417657,0.3293026056350805,0.0,False,False
rmse,W8,V 50,V-WIND,20,120,2.6729022425314564,2.689900332861558,0.635941339702836,0.0,False,False
rmse,W8,V 250,V-WIND,21,120,6.359058147904259,6.3598616983661405,0.012636312535474545,0.0,False,False
rmse,W8,V 500,V-WIND,22,120,4.518226874424861,4.519311216079359,0.023999274154114722,0.0,False,False
rmse,W8,V 700,V-WIND,23,120,3.4165260674915365,3.4120328186011775,-0.13151513559672848,0.0,False,False
rmse,W8,V 850,V-WIND,24,120,3.163425567498881,3.1638669813085167,0.013953665108194792,0.0,False,False
rmse,W8,T2M,SURFACE,25,120,1.3100018348978641,1.3092272182369207,-0.05913095999624048,0.0,False,False
rmse,W8,U10,SURFACE,26,120,2.153504032980011,2.1540821353552024,0.026844731485894956,0.0,False,False
rmse,W8,V10,SURFACE,27,120,2.2813153571456968,2.281898798217936,0.025574766347489127,0.0,False,False
rmse,W8,MSLP,SURFACE,28,120,294.1491964766043,294.1427587611712,-0.0021885884816979814,0.0,False,False
rmse,W8,Z 50,GEOPOTENTIAL,0,168,487.2494026101496,495.68119025084087,1.730487014560296,0.0,False,False
rmse,W8,Z 250,GEOPOTENTIAL,1,168,640.6684612210171,638.307715737391,-0.36848161358322673,0.0,False,False
rmse,W8,Z 500,GEOPOTENTIAL,2,168,477.04575747420046,476.5487541438576,-0.10418357622009508,0.0,False,False
rmse,W8,Z 700,GEOPOTENTIAL,3,168,368.5874963110032,367.96271330041577,-0.1695073807007913,0.0,False,False
rmse,W8,Z 850,GEOPOTENTIAL,4,168,351.9858701524251,351.76556590944796,-0.06258894508513496,0.0,False,False
rmse,W8,T 50,TEMPERATURE,5,168,1.9409949071593897,1.9768019855571495,1.8447796161486463,0.0,False,False
rmse,W8,T 250,TEMPERATURE,6,168,2.1275180877341824,2.131553072404562,0.18965689145689238,0.0,False,False
rmse,W8,T 500,TEMPERATURE,7,168,2.1189685370647258,2.119048063206319,0.0037530591041010533,0.0,False,False
rmse,W8,T 700,TEMPERATURE,8,168,2.1499551400086325,2.151924128011622,0.0915827482326671,0.0,False,False
rmse,W8,T 850,TEMPERATURE,9,168,2.35859095132945,2.3522817323432577,-0.26749949933607253,0.0,False,False
rmse,W8,Q 50,HUMIDITY,10,168,7.690846548943105e-08,7.753229508122519e-08,0.8111325428536381,0.0,False,False
rmse,W8,Q 250,HUMIDITY,11,168,4.424057173915023e-05,4.4288628043264855e-05,0.1086249617160798,0.0,False,False
rmse,W8,Q 500,HUMIDITY,12,168,0.0006207338232777999,0.0006213692177526428,0.10236182579639062,0.0,False,False
rmse,W8,Q 700,HUMIDITY,13,168,0.0011939742757268242,0.0011938478470316593,-0.010588896070473548,0.0,False,False
rmse,W8,Q 850,HUMIDITY,14,168,0.0013556027775970074,0.001356839163955788,0.09120565251218352,0.0,False,False
rmse,W8,U 50,U-WIND,15,168,3.6911371385777745,3.707771628992045,0.4506603192933587,0.0,False,False
rmse,W8,U 250,U-WIND,16,168,8.362173059478774,8.422804424419558,0.7250670909286752,0.0,False,False
rmse,W8,U 500,U-WIND,17,168,5.764363744000702,5.76845451794397,0.07096661704468077,0.0,False,False
rmse,W8,U 700,U-WIND,18,168,4.462599153978473,4.453219267417055,-0.21018886612423812,0.0,False,False
rmse,W8,U 850,U-WIND,19,168,4.174045007652533,4.178892446202852,0.1161328768959473,0.0,False,False
rmse,W8,V 50,V-WIND,20,168,3.340340759688218,3.3609125125974595,0.6158579135848897,0.0,False,False
rmse,W8,V 250,V-WIND,21,168,9.186497395190157,9.179311804302783,-0.07821904887423768,0.0,False,False
rmse,W8,V 500,V-WIND,22,168,6.2280874431824,6.224799070947185,-0.052799069782076345,0.0,False,False
rmse,W8,V 700,V-WIND,23,168,4.666901557194336,4.65554475569113,-0.2433477836209961,0.0,False,False
rmse,W8,V 850,V-WIND,24,168,4.287314639272843,4.282469908105684,-0.11300153067330765,0.0,False,False
rmse,W8,T2M,SURFACE,25,168,1.782893884362936,1.781094835605552,-0.10090610401228958,0.0,False,False
rmse,W8,U10,SURFACE,26,168,2.9131332894443016,2.908037470904715,-0.17492569111242715,0.0,False,False
rmse,W8,V10,SURFACE,27,168,3.064912866059477,3.0626600215715514,-0.07350435677547296,0.0,False,False
rmse,W8,MSLP,SURFACE,28,168,456.9132836501472,455.9271135364963,-0.21583310202161388,0.0,False,False
physics,W8,RMSE Z500,RMSE,0,24,47.394000417207764,47.54419319774156,0.316902517642862,8.312793488198138e-05,True,False
physics,W8,RMSE T850,RMSE,1,24,0.5732426877188003,0.573997492764738,0.1316728607461953,4.3245072060442985e-07,True,False
physics,W8,RMSE Q700,RMSE,2,24,0.0004653732107469364,0.00046537242792130644,-0.00016821458817795296,4.6231744295739106e-10,True,True
physics,W8,|Vag| 50hPa,BALANCE,3,24,2.565356510877609,2.572872531414032,0.2929815214592475,0.0,False,False
physics,W8,|Vag| 250hPa,BALANCE,4,24,5.286162281036377,5.301799571514129,0.2958155585546309,2.1254762690118018e-05,True,False
physics,W8,|Vag| 500hPa,BALANCE,5,24,2.5928920030593874,2.6024631798267364,0.36913133119527614,1.02063442798371e-05,True,False
physics,W8,|Vag| 850hPa,BALANCE,6,24,2.6449722170829775,2.65301593542099,0.3041135285301215,1.3016639871800198e-06,True,False
physics,W8,Vag/Vg 50hPa,BALANCE,7,24,0.1785370036959648,0.1790036864578724,0.26139273777794236,0.0,False,False
physics,W8,Vag/Vg 250hPa,BALANCE,8,24,0.20059208571910858,0.20123440772294998,0.32021303409789115,7.827865316512737e-07,True,False
physics,W8,Vag/Vg 500hPa,BALANCE,9,24,0.16025833338499068,0.16083309724926947,0.3586483474141907,5.816525601326151e-07,True,False
physics,W8,Vag/Vg 850hPa,BALANCE,10,24,0.27441602647304536,0.2751399531960487,0.26380628431498454,1.34681133513755e-07,True,False
physics,W8,HypsRel 600-500,BALANCE,11,24,0.0018897587820625942,0.0018922071279921765,0.1295586480571857,9.871793043194891e-09,True,False
physics,W8,|DryAir Md err|,CONSERVATION,12,24,17387932035712.0,17878213326182.4,2.81966417549505,249942987.7106383,True,False
physics,W8,neg-q fraction,CONSERVATION,13,24,0.0022372906965756555,0.0024348920305783395,8.832170727975935,1.798071799443123e-07,True,False
physics,W8,|neg-q mass|,CONSERVATION,14,24,110774068403.2,113274913100.8,2.2576084219434183,1146309.1744680852,True,False
physics,W8,SpecDivW1 Z500,SPECTRAL,15,24,0.01174367938842653,0.011524067444930966,-1.8700437591304935,1.5141757831036094e-07,True,False
physics,W8,SpecDivW1 T850,SPECTRAL,16,24,0.034571250479333314,0.03436827100216622,-0.5871337436533791,3.8565798627728224e-07,True,False
physics,W8,SpecDivW1 Q700,SPECTRAL,17,24,0.5580128893642261,0.5481437906788932,-1.7686148247538356,2.4855429457472876e-06,True,False
physics,W8,SpecResLog Z500,SPECTRAL,18,24,0.1488671420164445,0.1445037418026415,-2.931070049911345,2.7205748261717366e-06,True,False
physics,W8,SpecResLog T850,SPECTRAL,19,24,0.11019972140014751,0.10934936018274617,-0.7716545982122625,5.298487113893464e-07,True,False
physics,W8,SpecResLog Q700,SPECTRAL,20,24,0.15960012144505045,0.1574280110472454,-1.3609703915876348,8.175958987881167e-07,True,False
physics,W8,|RQE| Z500,EXTREMES,21,24,0.0009112445634855248,0.0009590594211658753,5.247203615400235,2.898171821490247e-07,True,False
physics,W8,|RQE| T850,EXTREMES,22,24,0.001539781979226973,0.001558192661832436,1.1956681435319714,2.234275675715601e-07,True,False
physics,W8,|RQE| Q700,EXTREMES,23,24,0.07520997626706957,0.07139671109616756,-5.070158721179701,3.1508148667660163e-06,True,False
physics,W8,RMSE Z500,RMSE,0,72,141.37038254411436,141.4593846899145,0.06295671285486544,0.00022573268159906915,True,False
physics,W8,RMSE T850,RMSE,1,72,1.0007906255739705,1.0006654918949063,-0.012503482333522754,8.134131735943732e-07,True,False
physics,W8,RMSE Q700,RMSE,2,72,0.0007492909642413027,0.0007491076366840265,-0.024466804756121383,6.469719587488378e-10,True,False
physics,W8,|Vag| 50hPa,BALANCE,3,72,3.079332035779953,3.098267561197281,0.6149231455818528,0.0,False,False
physics,W8,|Vag| 250hPa,BALANCE,4,72,5.346157348155975,5.4037792801857,1.0778196053208182,2.0327466599484707e-05,True,False
physics,W8,|Vag| 500hPa,BALANCE,5,72,2.5715263366699217,2.595892292261124,0.9475289147827898,9.827918194709939e-06,True,False
physics,W8,|Vag| 850hPa,BALANCE,6,72,2.596181744337082,2.6156277894973754,0.7490248016230081,1.8495194455410569e-06,True,False
physics,W8,Vag/Vg 50hPa,BALANCE,7,72,0.21255174688994885,0.21377609968185424,0.5760257489388264,0.0,False,False
physics,W8,Vag/Vg 250hPa,BALANCE,8,72,0.20418094024062156,0.20648629926145076,1.1290765034740289,7.221673397307701e-07,True,False
physics,W8,Vag/Vg 500hPa,BALANCE,9,72,0.16148294247686862,0.16301873028278352,0.9510526513565931,5.726484542197369e-07,True,False
physics,W8,Vag/Vg 850hPa,BALANCE,10,72,0.2766478732228279,0.2784144520759583,0.6385658536067833,1.3366658636864196e-07,True,False
physics,W8,HypsRel 600-500,BALANCE,11,72,0.0021452943449796224,0.002179429611735774,1.5911693813035217,8.306551877830333e-09,True,False
physics,W8,|DryAir Md err|,CONSERVATION,12,72,42829604144947.2,51457569245516.8,20.1448630516644,415583942.2638297,True,False
physics,W8,neg-q fraction,CONSERVATION,13,72,0.003831012579757953,0.004230205977728474,10.420049260076876,2.2975034377676376e-07,True,False
physics,W8,|neg-q mass|,CONSERVATION,14,72,256375649689.6,260099090803.2,1.45233805086718,525926.4,True,False
physics,W8,SpecDivW1 Z500,SPECTRAL,15,72,0.04734305516816376,0.04656374191876066,-1.6460983488179315,2.33399840126877e-07,True,False
physics,W8,SpecDivW1 T850,SPECTRAL,16,72,0.13077276279079944,0.12990513287638789,-0.6634637793800572,3.9740140702118675e-07,True,False
physics,W8,SpecDivW1 Q700,SPECTRAL,17,72,1.5847931131531516,1.5871934446335485,0.15146024174859618,3.968573588510551e-06,True,False
physics,W8,SpecResLog Z500,SPECTRAL,18,72,0.5251080348901255,0.5181585274476446,-1.3234433641707717,4.040530647911618e-06,True,False
physics,W8,SpecResLog T850,SPECTRAL,19,72,0.29112383586683566,0.2899553604193376,-0.4013671515487034,1.0364740602642155e-06,True,False
physics,W8,SpecResLog Q700,SPECTRAL,20,72,0.4695301406040895,0.46954811345639824,0.0038278378222179246,1.6904693037880838e-06,True,False
physics,W8,|RQE| Z500,EXTREMES,21,72,0.002052200911384716,0.0021706653009459843,5.772553208805211,2.409237377504085e-07,True,False
physics,W8,|RQE| T850,EXTREMES,22,72,0.001675813118708902,0.0017389452004863415,3.7672507198224077,3.0993207783854386e-07,True,False
physics,W8,|RQE| Q700,EXTREMES,23,72,0.1477331225760281,0.1417181059718132,-4.071542318561225,3.928294841279375e-06,True,False
physics,W8,RMSE Z500,RMSE,0,120,297.1992938010881,297.22897795958386,0.009987964007615651,0.0007873535156249999,True,False
physics,W8,RMSE T850,RMSE,1,120,1.6138719931665446,1.611283050931015,-0.16041806577545997,2.256352850731383e-06,True,False
physics,W8,RMSE Q700,RMSE,2,120,0.0009838760755593553,0.0009836853504773932,-0.019385071626389652,1.2325162583209099e-09,True,False
physics,W8,|Vag| 50hPa,BALANCE,3,120,3.6825262308120728,3.714797204732895,0.8763270618633399,0.0,False,False
physics,W8,|Vag| 250hPa,BALANCE,4,120,5.351528131961823,5.454011881351471,1.9150371045901389,2.100518409242021e-05,True,False
physics,W8,|Vag| 500hPa,BALANCE,5,120,2.5819884300231934,2.6221460342407226,1.5552976051549694,9.123822476001495e-06,True,False
physics,W8,|Vag| 850hPa,BALANCE,6,120,2.5783519625663756,2.607113415002823,1.1154975291976577,2.42273858252992e-06,True,False
physics,W8,Vag/Vg 50hPa,BALANCE,7,120,0.25039272867143153,0.2523943394422531,0.799388537136036,0.0,False,False
physics,W8,Vag/Vg 250hPa,BALANCE,8,120,0.20757332742214202,0.21172623410820962,2.000693797051215,7.750506096697867e-07,True,False
physics,W8,Vag/Vg 500hPa,BALANCE,9,120,0.16644311137497425,0.16911421455442904,1.604814496309884,5.431631778148894e-07,True,False
physics,W8,Vag/Vg 850hPa,BALANCE,10,120,0.2863327294588089,0.2892634615302086,1.0235407167525077,1.6778073412306761e-07,True,False
physics,W8,HypsRel 600-500,BALANCE,11,120,0.0024162212527233753,0.0025055883312503947,3.6986297685401066,6.268103164260551e-09,True,False
physics,W8,|DryAir Md err|,CONSERVATION,12,120,54298166793164.8,64275474369408.0,18.375035780211963,532388349.82127655,True,False
physics,W8,neg-q fraction,CONSERVATION,13,120,0.0055891772586619485,0.006108152166416403,9.285354243330923,1.498344453408363e-07,True,False
physics,W8,|neg-q mass|,CONSERVATION,14,120,395305019980.8,420940008601.6,6.484862909670381,796408.374468085,True,False
physics,W8,SpecDivW1 Z500,SPECTRAL,15,120,0.10668702309374327,0.10656602251274272,-0.1134164001316534,5.741047440145198e-07,True,False
physics,W8,SpecDivW1 T850,SPECTRAL,16,120,0.2363252797837613,0.23574895164223938,-0.2438707116095506,6.705656936959199e-07,True,False
physics,W8,SpecDivW1 Q700,SPECTRAL,17,120,2.514150654791609,2.5277676273087666,0.5416132279585465,3.89930534098122e-06,True,False
physics,W8,SpecResLog Z500,SPECTRAL,18,120,0.9803284959163312,0.977919368122334,-0.24574699236354447,5.819765256058809e-06,True,False
physics,W8,SpecResLog T850,SPECTRAL,19,120,0.526553650798614,0.5279002417040587,0.2557366952830534,1.4847145995831128e-06,True,False
physics,W8,SpecResLog Q700,SPECTRAL,20,120,0.853566316741545,0.8586698906344757,0.5979118192495445,1.7484622986846742e-06,True,False
physics,W8,|RQE| Z500,EXTREMES,21,120,0.003987607173621654,0.00415657179109985,4.237243292065242,3.4424790894573035e-07,True,False
physics,W8,|RQE| T850,EXTREMES,22,120,0.0022641459512669827,0.0023087186717020815,1.9686328264375623,3.2266809981554106e-07,True,False
physics,W8,|RQE| Q700,EXTREMES,23,120,0.23378538824617862,0.22823715005069972,-2.373218547617928,2.491030287235341e-06,True,False
physics,W8,RMSE Z500,RMSE,0,168,477.04575747420046,476.5487541438576,-0.10418357622009508,0.001286153590425532,True,False
physics,W8,RMSE T850,RMSE,1,168,2.35859095132945,2.3522817323432577,-0.26749949933607253,5.2857906260388965e-06,True,False
physics,W8,RMSE Q700,RMSE,2,168,0.0011939742757268242,0.0011938478470316593,-0.010588896070473548,1.1824824391527379e-09,True,False
physics,W8,|Vag| 50hPa,BALANCE,3,168,4.301926904916764,4.349597203731537,1.1081150346903763,0.0,False,False
physics,W8,|Vag| 250hPa,BALANCE,4,168,5.366492509841919,5.518997967243195,2.841808818731921,1.723715599547041e-05,True,False
physics,W8,|Vag| 500hPa,BALANCE,5,168,2.673031008243561,2.730985951423645,2.1681358353626545,7.949991429105718e-06,True,False
physics,W8,|Vag| 850hPa,BALANCE,6,168,2.5738034665584566,2.612075239419937,1.4869733978816715,3.2039398842669545e-06,True,False
physics,W8,Vag/Vg 50hPa,BALANCE,7,168,0.2880367342382669,0.2909822057932615,1.022602746411525,0.0,False,False
physics,W8,Vag/Vg 250hPa,BALANCE,8,168,0.2138738863170147,0.22027958892285823,2.9950840264569143,6.579338236058012e-07,True,False
physics,W8,Vag/Vg 500hPa,BALANCE,9,168,0.17948650047183037,0.18360194005072117,2.2928964396053257,4.781053421345163e-07,True,False
physics,W8,Vag/Vg 850hPa,BALANCE,10,168,0.3020104058086872,0.30641856640577314,1.459605534214057,2.3600902963191906e-07,True,False
physics,W8,HypsRel 600-500,BALANCE,11,168,0.0027178606795670844,0.002883828835059896,6.106573333230898,6.923083792782102e-09,True,False
physics,W8,|DryAir Md err|,CONSERVATION,12,168,61224813831244.8,65457137788697.6,6.912759210862521,677868757.5148935,True,False
physics,W8,neg-q fraction,CONSERVATION,13,168,0.008016498644428794,0.008756784608704039,9.23452990027909,2.597275368393735e-07,True,False
physics,W8,|neg-q mass|,CONSERVATION,14,168,640942483865.6,702610832588.8,9.621510552908113,1965300.0170212765,True,False
physics,W8,SpecDivW1 Z500,SPECTRAL,15,168,0.16761684603118007,0.1690543664092699,0.8576228536256001,8.364450910688876e-07,True,False
physics,W8,SpecDivW1 T850,SPECTRAL,16,168,0.34187072099182514,0.34179165546866763,-0.023127316351667686,7.763147107935637e-07,True,False
physics,W8,SpecDivW1 Q700,SPECTRAL,17,168,3.363326323142431,3.3876022143485955,0.7217822142064164,5.7984310562185e-06,True,False
physics,W8,SpecResLog Z500,SPECTRAL,18,168,1.3497551466967934,1.3505157624340018,0.056352127203949,7.900357517776777e-06,True,False
physics,W8,SpecResLog T850,SPECTRAL,19,168,0.7375037912703352,0.7421880749507735,0.6351538440730997,1.8566658550917109e-06,True,False
physics,W8,SpecResLog Q700,SPECTRAL,20,168,1.2646213667724404,1.2771211099205084,0.988417836080833,2.838551224112969e-06,True,False
physics,W8,|RQE| Z500,EXTREMES,21,168,0.006353857653448358,0.006552198590725311,3.121582951568166,2.823770046234131e-07,True,False
physics,W8,|RQE| T850,EXTREMES,22,168,0.0038568561161810067,0.003930372250761138,1.9061155605909867,3.5228242384309464e-07,True,False
physics,W8,|RQE| Q700,EXTREMES,23,168,0.2938850261271,0.2887998875230551,-1.7303156513478448,2.8692027355762237e-06,True,False
rmse,W8A8,Z 50,GEOPOTENTIAL,0,24,106.29970353535352,107.46175701240605,1.093185999964768,0.0,False,False
rmse,W8A8,Z 250,GEOPOTENTIAL,1,24,59.995694432772034,61.02471423520195,1.7151560827135337,0.0,False,False
rmse,W8A8,Z 500,GEOPOTENTIAL,2,24,47.394000417207764,48.13062278437819,1.554252354065841,0.0,False,False
rmse,W8A8,Z 700,GEOPOTENTIAL,3,24,40.864360714548354,41.307947518995775,1.0855102017771114,0.0,False,False
rmse,W8A8,Z 850,GEOPOTENTIAL,4,24,41.847382120425706,42.19261719272183,0.8249860679519492,0.0,False,False
rmse,W8A8,T 50,TEMPERATURE,5,24,0.9673628401260485,0.9803573977854952,1.3432971704550474,0.0,False,False
rmse,W8A8,T 250,TEMPERATURE,6,24,0.5126406125716787,0.5226129660637846,1.9452913498365372,0.0,False,False
rmse,W8A8,T 500,TEMPERATURE,7,24,0.44482274648980863,0.4561143396706138,2.538447790700806,0.0,False,False
rmse,W8A8,T 700,TEMPERATURE,8,24,0.4572515672197853,0.46696986674401125,2.1253726003206173,0.0,False,False
rmse,W8A8,T 850,TEMPERATURE,9,24,0.5732426877188003,0.5850973876939309,2.0680071859801723,0.0,False,False
rmse,W8A8,Q 50,HUMIDITY,10,24,3.11892961861767e-08,3.157038872702557e-08,1.2218696394238437,0.0,False,False
rmse,W8A8,Q 250,HUMIDITY,11,24,2.2681503640925814e-05,2.300011695007231e-05,1.4047274563032075,0.0,False,False
rmse,W8A8,Q 500,HUMIDITY,12,24,0.00025835183761210384,0.00026179337079753153,1.3321109759609675,0.0,False,False
rmse,W8A8,Q 700,HUMIDITY,13,24,0.0004653732107469364,0.0004717327856836884,1.3665537228807663,0.0,False,False
rmse,W8A8,Q 850,HUMIDITY,14,24,0.0005638050738960304,0.0005742856472957266,1.8589001562672882,0.0,False,False
rmse,W8A8,U 50,U-WIND,15,24,1.7717705111029343,1.7913689678355125,1.1061509721356684,0.0,False,False
rmse,W8A8,U 250,U-WIND,16,24,2.005566720724004,2.0481100530572824,2.1212623790406946,0.0,False,False
rmse,W8A8,U 500,U-WIND,17,24,1.4320900049108682,1.454718055995861,1.5800718535425515,0.0,False,False
rmse,W8A8,U 700,U-WIND,18,24,1.1851816373483401,1.202834020866387,1.4894243179080418,0.0,False,False
rmse,W8A8,U 850,U-WIND,19,24,1.071821005656524,1.0899425424595883,1.6907241701205757,0.0,False,False
rmse,W8A8,V 50,V-WIND,20,24,1.7442483805977416,1.7608789991198437,0.9534547205027606,0.0,False,False
rmse,W8A8,V 250,V-WIND,21,24,2.0959009744684565,2.13119734053122,1.684066494206148,0.0,False,False
rmse,W8A8,V 500,V-WIND,22,24,1.5025376384168188,1.5264812051129324,1.5935418909933128,0.0,False,False
rmse,W8A8,V 700,V-WIND,23,24,1.2025345508495229,1.219650228313492,1.4233002662483065,0.0,False,False
rmse,W8A8,V 850,V-WIND,24,24,1.084938903540034,1.101625771959596,1.53804683057402,0.0,False,False
rmse,W8A8,T2M,SURFACE,25,24,0.6141011454893194,0.6206807372966666,1.0714182599520448,0.0,False,False
rmse,W8A8,U10,SURFACE,26,24,0.7069913775614691,0.7192193734167768,1.729582035000772,0.0,False,False
rmse,W8A8,V10,SURFACE,27,24,0.7277620177165643,0.7398975781006751,1.667517689668318,0.0,False,False
rmse,W8A8,MSLP,SURFACE,28,24,56.408929251946546,57.11772416514113,1.256529635634099,0.0,False,False
rmse,W8A8,Z 50,GEOPOTENTIAL,0,72,223.85312808468512,226.4856841138298,1.1760193175182045,0.0,False,False
rmse,W8A8,Z 250,GEOPOTENTIAL,1,72,178.53456875672947,179.3306509550652,0.44589807110155666,0.0,False,False
rmse,W8A8,Z 500,GEOPOTENTIAL,2,72,141.37038254411436,141.92413387978783,0.39170250918764454,0.0,False,False
rmse,W8A8,Z 700,GEOPOTENTIAL,3,72,113.28761803145865,113.48886197035446,0.17763983601449823,0.0,False,False
rmse,W8A8,Z 850,GEOPOTENTIAL,4,72,114.08294628948242,113.9824986806311,-0.08804787404108817,0.0,False,False
rmse,W8A8,T 50,TEMPERATURE,5,72,1.345847601611094,1.3648051307760922,1.4085940445489058,0.0,False,False
rmse,W8A8,T 250,TEMPERATURE,6,72,1.0090041194208688,1.0161139189208908,0.7046353293485818,0.0,False,False
rmse,W8A8,T 500,TEMPERATURE,7,72,0.8712516555044179,0.8800278166866956,1.0073049648550425,0.0,False,False
rmse,W8A8,T 700,TEMPERATURE,8,72,0.8726037173308453,0.8817683219390234,1.0502596340308055,0.0,False,False
rmse,W8A8,T 850,TEMPERATURE,9,72,1.0007906255739705,1.0086335054955493,0.7836684038762666,0.0,False,False
rmse,W8A8,Q 50,HUMIDITY,10,72,5.070317030870964e-08,5.1437103971356766e-08,1.4475103986171256,0.0,False,False
rmse,W8A8,Q 250,HUMIDITY,11,72,3.264792970084785e-05,3.287007799764827e-05,0.6804360914641825,0.0,False,False
rmse,W8A8,Q 500,HUMIDITY,12,72,0.00040829971317248834,0.0004118342805282537,0.8656796078306744,0.0,False,False
rmse,W8A8,Q 700,HUMIDITY,13,72,0.0007492909642413027,0.0007550525390562995,0.7689369136902219,0.0,False,False
rmse,W8A8,Q 850,HUMIDITY,14,72,0.0008731510125402573,0.0008819251430606731,1.0048812169259493,0.0,False,False
rmse,W8A8,U 50,U-WIND,15,72,2.4658944869984265,2.4836110809845744,0.7184652092601557,0.0,False,False
rmse,W8A8,U 250,U-WIND,16,72,3.752571599951717,3.814349550682888,1.6462830644448248,0.0,False,False
rmse,W8A8,U 500,U-WIND,17,72,2.6907658317102885,2.712241258944874,0.7981157996545369,0.0,False,False
rmse,W8A8,U 700,U-WIND,18,72,2.1389154723341077,2.1464980984523714,0.3545079838984502,0.0,False,False
rmse,W8A8,U 850,U-WIND,19,72,1.984609305929492,1.997893628854496,0.6693671588314057,0.0,False,False
rmse,W8A8,V 50,V-WIND,20,72,2.2201670312672492,2.229800818083197,0.43392171310863414,0.0,False,False
rmse,W8A8,V 250,V-WIND,21,72,3.897961851702542,3.9260028096492046,0.7193748685461113,0.0,False,False
rmse,W8A8,V 500,V-WIND,22,72,2.834205888558651,2.853107741120596,0.6669188233024851,0.0,False,False
rmse,W8A8,V 700,V-WIND,23,72,2.194968280206089,2.204493001765407,0.43393436001836405,0.0,False,False
rmse,W8A8,V 850,V-WIND,24,72,2.031848141073944,2.0441403257857305,0.6049755620658334,0.0,False,False
rmse,W8A8,T2M,SURFACE,25,72,0.9036628713821357,0.9110133139365902,0.81340539566621,0.0,False,False
rmse,W8A8,U10,SURFACE,26,72,1.3594478828153806,1.3701392997027395,0.7864528697648357,0.0,False,False
rmse,W8A8,V10,SURFACE,27,72,1.421280092316985,1.4304584683243133,0.64578235190543,0.0,False,False
rmse,W8A8,MSLP,SURFACE,28,72,149.5880058631787,150.19368571245,0.40489867204011315,0.0,False,False
rmse,W8A8,Z 50,GEOPOTENTIAL,0,120,327.9400291671898,333.15248415389516,1.589453718090626,0.0,False,False
rmse,W8A8,Z 250,GEOPOTENTIAL,1,120,386.66228204721216,385.21526343458663,-0.37423319517077785,0.0,False,False
rmse,W8A8,Z 500,GEOPOTENTIAL,2,120,297.1992938010881,296.79090170739636,-0.13741354781451506,0.0,False,False
rmse,W8A8,Z 700,GEOPOTENTIAL,3,120,230.93411000911323,230.25329561288893,-0.2948089375785265,0.0,False,False
rmse,W8A8,Z 850,GEOPOTENTIAL,4,120,225.36234002804193,224.2309868933476,-0.5020151701271658,0.0,False,False
rmse,W8A8,T 50,TEMPERATURE,5,120,1.5974590555083956,1.6223843525611548,1.5603089773607124,0.0,False,False
rmse,W8A8,T 250,TEMPERATURE,6,120,1.5904307371276347,1.5972703480127934,0.43004770503311956,0.0,False,False
rmse,W8A8,T 500,TEMPERATURE,7,120,1.4751266176350337,1.4792568013844132,0.27998842268883256,0.0,False,False
rmse,W8A8,T 700,TEMPERATURE,8,120,1.4729339128333738,1.4799354292513565,0.4753449124213819,0.0,False,False
rmse,W8A8,T 850,TEMPERATURE,9,120,1.6138719931665446,1.6160556411314388,0.13530490485864005,0.0,False,False
rmse,W8A8,Q 50,HUMIDITY,10,120,6.315395213919795e-08,6.368670054441271e-08,0.8435709677211115,0.0,False,False
rmse,W8A8,Q 250,HUMIDITY,11,120,3.8513448626662636e-05,3.8669386335238084e-05,0.4048915745953055,0.0,False,False
rmse,W8A8,Q 500,HUMIDITY,12,120,0.0005178109358779471,0.0005197381094056847,0.3721770619753329,0.0,False,False
rmse,W8A8,Q 700,HUMIDITY,13,120,0.0009838760755593553,0.000988713211481885,0.49164077089481656,0.0,False,False
rmse,W8A8,Q 850,HUMIDITY,14,120,0.0011303856292557992,0.0011382138089508216,0.6925229313270876,0.0,False,False
rmse,W8A8,U 50,U-WIND,15,120,2.9665208048054117,2.9862262290749486,0.6642604440062065,0.0,False,False
rmse,W8A8,U 250,U-WIND,16,120,5.980561128926917,6.024294720819802,0.73126235064054,0.0,False,False
rmse,W8A8,U 500,U-WIND,17,120,4.226721002708296,4.239715606212929,0.30743934828692304,0.0,False,False
rmse,W8A8,U 700,U-WIND,18,120,3.2917526328908817,3.2904270144632033,-0.04027090050549263,0.0,False,False
rmse,W8A8,U 850,U-WIND,19,120,3.0929176011668686,3.103698843162766,0.34857837764025135,0.0,False,False
rmse,W8A8,V 50,V-WIND,20,120,2.6729022425314564,2.679761504068277,0.2566222373446892,0.0,False,False
rmse,W8A8,V 250,V-WIND,21,120,6.359058147904259,6.364513432102184,0.08578761305592193,0.0,False,False
rmse,W8A8,V 500,V-WIND,22,120,4.518226874424861,4.532311784163849,0.3117353362381008,0.0,False,False
rmse,W8A8,V 700,V-WIND,23,120,3.4165260674915365,3.419655615533539,0.09160029750044155,0.0,False,False
rmse,W8A8,V 850,V-WIND,24,120,3.163425567498881,3.1735418519159304,0.3197889187273587,0.0,False,False
rmse,W8A8,T2M,SURFACE,25,120,1.3100018348978641,1.3155357587011332,0.42243633984684165,0.0,False,False
rmse,W8A8,U10,SURFACE,26,120,2.153504032980011,2.1638843222520903,0.48201856662952375,0.0,False,False
rmse,W8A8,V10,SURFACE,27,120,2.2813153571456968,2.291696222111076,0.455038578198481,0.0,False,False
rmse,W8A8,MSLP,SURFACE,28,120,294.1491964766043,293.86427038098816,-0.09686448204824212,0.0,False,False
rmse,W8A8,Z 50,GEOPOTENTIAL,0,168,487.2494026101496,493.52973237930485,1.2889353451255332,0.0,False,False
rmse,W8A8,Z 250,GEOPOTENTIAL,1,168,640.6684612210171,635.9743256884998,-0.7326934001981278,0.0,False,False
rmse,W8A8,Z 500,GEOPOTENTIAL,2,168,477.04575747420046,474.5177007550268,-0.5299400905604709,0.0,False,False
rmse,W8A8,Z 700,GEOPOTENTIAL,3,168,368.5874963110032,366.23365196560195,-0.6386120986087722,0.0,False,False
rmse,W8A8,Z 850,GEOPOTENTIAL,4,168,351.9858701524251,348.68450426355645,-0.9379256864598033,0.0,False,False
rmse,W8A8,T 50,TEMPERATURE,5,168,1.9409949071593897,1.9650458897911123,1.2391059112525304,0.0,False,False
rmse,W8A8,T 250,TEMPERATURE,6,168,2.1275180877341824,2.1290584930921796,0.07240386659357641,0.0,False,False
rmse,W8A8,T 500,TEMPERATURE,7,168,2.1189685370647258,2.1163626553998607,-0.12297878044356658,0.0,False,False
rmse,W8A8,T 700,TEMPERATURE,8,168,2.1499551400086325,2.1498752560797367,-0.0037156091031497374,0.0,False,False
rmse,W8A8,T 850,TEMPERATURE,9,168,2.35859095132945,2.350378234495314,-0.3482043730179976,0.0,False,False
rmse,W8A8,Q 50,HUMIDITY,10,168,7.690846548943105e-08,7.737214936223999e-08,0.6029035553604428,0.0,False,False
rmse,W8A8,Q 250,HUMIDITY,11,168,4.424057173915023e-05,4.436095597127353e-05,0.2721127403893174,0.0,False,False
rmse,W8A8,Q 500,HUMIDITY,12,168,0.0006207338232777999,0.0006224548102563177,0.2772503952547741,0.0,False,False
rmse,W8A8,Q 700,HUMIDITY,13,168,0.0011939742757268242,0.0011975792486221253,0.30193053305998935,0.0,False,False
rmse,W8A8,Q 850,HUMIDITY,14,168,0.0013556027775970074,0.0013584756584499606,0.21192645075910602,0.0,False,False
rmse,W8A8,U 50,U-WIND,15,168,3.6911371385777745,3.7020290543537584,0.29508293425750803,0.0,False,False
rmse,W8A8,U 250,U-WIND,16,168,8.362173059478774,8.392380110426869,0.36123446301860385,0.0,False,False
rmse,W8A8,U 500,U-WIND,17,168,5.764363744000702,5.756802606571328,-0.13117037309180526,0.0,False,False
rmse,W8A8,U 700,U-WIND,18,168,4.462599153978473,4.438924438506984,-0.5305140492034235,0.0,False,False
rmse,W8A8,U 850,U-WIND,19,168,4.174045007652533,4.168588870114572,-0.13071582908085744,0.0,False,False
rmse,W8A8,V 50,V-WIND,20,168,3.340340759688218,3.33218957909825,-0.24402242694331963,0.0,False,False
rmse,W8A8,V 250,V-WIND,21,168,9.186497395190157,9.177517567621198,-0.09775028699905629,0.0,False,False
rmse,W8A8,V 500,V-WIND,22,168,6.2280874431824,6.225919697919987,-0.03480595419040933,0.0,False,False
rmse,W8A8,V 700,V-WIND,23,168,4.666901557194336,4.650762195880003,-0.345826050036413,0.0,False,False
rmse,W8A8,V 850,V-WIND,24,168,4.287314639272843,4.274381953090482,-0.3016500366895009,0.0,False,False
rmse,W8A8,T2M,SURFACE,25,168,1.782893884362936,1.7850914514115583,0.12325843214205198,0.0,False,False
rmse,W8A8,U10,SURFACE,26,168,2.9131332894443016,2.9123923855190865,-0.025433231218761645,0.0,False,False
rmse,W8A8,V10,SURFACE,27,168,3.064912866059477,3.0570792213359916,-0.2555911070175738,0.0,False,False
rmse,W8A8,MSLP,SURFACE,28,168,456.9132836501472,454.06481700768774,-0.6234151521496376,0.0,False,False
physics,W8A8,RMSE Z500,RMSE,0,24,47.394000417207764,48.13062278437819,1.554252354065841,8.312793488198138e-05,True,False
physics,W8A8,RMSE T850,RMSE,1,24,0.5732426877188003,0.5850973876939309,2.0680071859801723,4.3245072060442985e-07,True,False
physics,W8A8,RMSE Q700,RMSE,2,24,0.0004653732107469364,0.0004717327856836884,1.3665537228807663,4.6231744295739106e-10,True,False
physics,W8A8,|Vag| 50hPa,BALANCE,3,24,2.565356510877609,2.6892577946186065,4.829788109981281,0.0,False,False
physics,W8A8,|Vag| 250hPa,BALANCE,4,24,5.286162281036377,5.385356748104096,1.876493035856458,2.1254762690118018e-05,True,False
physics,W8A8,|Vag| 500hPa,BALANCE,5,24,2.5928920030593874,2.6785188376903535,3.302367955546697,1.02063442798371e-05,True,False
physics,W8A8,|Vag| 850hPa,BALANCE,6,24,2.6449722170829775,2.6985072076320646,2.024028464394554,1.3016639871800198e-06,True,False
physics,W8A8,Vag/Vg 50hPa,BALANCE,7,24,0.1785370036959648,0.18672684021294117,4.587192765328938,0.0,False,False
physics,W8A8,Vag/Vg 250hPa,BALANCE,8,24,0.20059208571910858,0.20419983975589276,1.7985525320456348,7.827865316512737e-07,True,False
physics,W8A8,Vag/Vg 500hPa,BALANCE,9,24,0.16025833338499068,0.16531880795955659,3.157698241132372,5.816525601326151e-07,True,False
physics,W8A8,Vag/Vg 850hPa,BALANCE,10,24,0.27441602647304536,0.2793614864349365,1.8021760702000884,1.34681133513755e-07,True,False
physics,W8A8,HypsRel 600-500,BALANCE,11,24,0.0018897587820625942,0.0018937822216145977,0.212907572659195,9.871793043194891e-09,True,False
physics,W8A8,|DryAir Md err|,CONSERVATION,12,24,17387932035712.0,17188287473996.8,-1.1481788708695293,249942987.7106383,True,False
physics,W8A8,neg-q fraction,CONSERVATION,13,24,0.0022372906965756555,0.003337566790287383,49.17895092469585,1.798071799443123e-07,True,False
physics,W8A8,|neg-q mass|,CONSERVATION,14,24,110774068403.2,179140653568.0,61.71713845153407,1146309.1744680852,True,False
physics,W8A8,SpecDivW1 Z500,SPECTRAL,15,24,0.01174367938842653,0.010633520449220182,-9.453246316485927,1.5141757831036094e-07,True,False
physics,W8A8,SpecDivW1 T850,SPECTRAL,16,24,0.034571250479333314,0.02978884648010449,-13.833471259848533,3.8565798627728224e-07,True,False
physics,W8A8,SpecDivW1 Q700,SPECTRAL,17,24,0.5580128893642261,0.4844487895387674,-13.18322591244697,2.4855429457472876e-06,True,False
physics,W8A8,SpecResLog Z500,SPECTRAL,18,24,0.1488671420164445,0.13141330238321275,-11.724440596369963,2.7205748261717366e-06,True,False
physics,W8A8,SpecResLog T850,SPECTRAL,19,24,0.11019972140014751,0.10322198100132791,-6.331903847091086,5.298487113893464e-07,True,False
physics,W8A8,SpecResLog Q700,SPECTRAL,20,24,0.15960012144505045,0.1474358048169651,-7.621746473591161,8.175958987881167e-07,True,False
physics,W8A8,|RQE| Z500,EXTREMES,21,24,0.0009112445634855248,0.0009112948335314286,0.005516636029241202,2.898171821490247e-07,True,True
physics,W8A8,|RQE| T850,EXTREMES,22,24,0.001539781979226973,0.0016634788560622837,8.033402033800334,2.234275675715601e-07,True,False
physics,W8A8,|RQE| Q700,EXTREMES,23,24,0.07520997626706957,0.06784351797541603,-9.794522824332972,3.1508148667660163e-06,True,False
physics,W8A8,RMSE Z500,RMSE,0,72,141.37038254411436,141.92413387978783,0.39170250918764454,0.00022573268159906915,True,False
physics,W8A8,RMSE T850,RMSE,1,72,1.0007906255739705,1.0086335054955493,0.7836684038762666,8.134131735943732e-07,True,False
physics,W8A8,RMSE Q700,RMSE,2,72,0.0007492909642413027,0.0007550525390562995,0.7689369136902219,6.469719587488378e-10,True,False
physics,W8A8,|Vag| 50hPa,BALANCE,3,72,3.079332035779953,3.2715666949748994,6.242738910948776,0.0,False,False
physics,W8A8,|Vag| 250hPa,BALANCE,4,72,5.346157348155975,5.529990243911743,3.438598675349064,2.0327466599484707e-05,True,False
physics,W8A8,|Vag| 500hPa,BALANCE,5,72,2.5715263366699217,2.69370379447937,4.751164943061242,9.827918194709939e-06,True,False
physics,W8A8,|Vag| 850hPa,BALANCE,6,72,2.596181744337082,2.6760546565055847,3.0765531859518536,1.8495194455410569e-06,True,False
physics,W8A8,Vag/Vg 50hPa,BALANCE,7,72,0.21255174688994885,0.22472277730703355,5.726149323715694,0.0,False,False
physics,W8A8,Vag/Vg 250hPa,BALANCE,8,72,0.20418094024062156,0.2106707327067852,3.1784516510285523,7.221673397307701e-07,True,False
physics,W8A8,Vag/Vg 500hPa,BALANCE,9,72,0.16148294247686862,0.16844506338238716,4.311366141049737,5.726484542197369e-07,True,False
physics,W8A8,Vag/Vg 850hPa,BALANCE,10,72,0.2766478732228279,0.2830563120543957,2.3164605449202402,1.3366658636864196e-07,True,False
physics,W8A8,HypsRel 600-500,BALANCE,11,72,0.0021452943449796224,0.0021860136299182804,1.8980745012426152,8.306551877830333e-09,True,False
physics,W8A8,|DryAir Md err|,CONSERVATION,12,72,42829604144947.2,40494915247334.4,-5.4511101473447505,415583942.2638297,True,False
physics,W8A8,neg-q fraction,CONSERVATION,13,72,0.003831012579757953,0.004901768802665174,27.94969216663006,2.2975034377676376e-07,True,False
physics,W8A8,|neg-q mass|,CONSERVATION,14,72,256375649689.6,307972971008.0,20.125671599806797,525926.4,True,False
physics,W8A8,SpecDivW1 Z500,SPECTRAL,15,72,0.04734305516816376,0.041414069661323785,-12.523453515579142,2.33399840126877e-07,True,False
physics,W8A8,SpecDivW1 T850,SPECTRAL,16,72,0.13077276279079944,0.11226898020159001,-14.149569217873301,3.9740140702118675e-07,True,False
physics,W8A8,SpecDivW1 Q700,SPECTRAL,17,72,1.5847931131531516,1.4214003297567994,-10.310038707277132,3.968573588510551e-06,True,False
physics,W8A8,SpecResLog Z500,SPECTRAL,18,72,0.5251080348901255,0.4596872942308806,-12.45852973339736,4.040530647911618e-06,True,False
physics,W8A8,SpecResLog T850,SPECTRAL,19,72,0.29112383586683566,0.2576873670227603,-11.485307874058687,1.0364740602642155e-06,True,False
physics,W8A8,SpecResLog Q700,SPECTRAL,20,72,0.4695301406040895,0.41576055207553664,-11.451786345254389,1.6904693037880838e-06,True,False
physics,W8A8,|RQE| Z500,EXTREMES,21,72,0.002052200911384716,0.002061546884215204,0.4554121761977919,2.409237377504085e-07,True,False
physics,W8A8,|RQE| T850,EXTREMES,22,72,0.001675813118708902,0.0017928250585100614,6.9823978876182204,3.0993207783854386e-07,True,False
physics,W8A8,|RQE| Q700,EXTREMES,23,72,0.1477331225760281,0.12791620194911957,-13.413999705252376,3.928294841279375e-06,True,False
physics,W8A8,RMSE Z500,RMSE,0,120,297.1992938010881,296.79090170739636,-0.13741354781451506,0.0007873535156249999,True,False
physics,W8A8,RMSE T850,RMSE,1,120,1.6138719931665446,1.6160556411314388,0.13530490485864005,2.256352850731383e-06,True,False
physics,W8A8,RMSE Q700,RMSE,2,120,0.0009838760755593553,0.000988713211481885,0.49164077089481656,1.2325162583209099e-09,True,False
physics,W8A8,|Vag| 50hPa,BALANCE,3,120,3.6825262308120728,3.9142324328422546,6.292044849306773,0.0,False,False
physics,W8A8,|Vag| 250hPa,BALANCE,4,120,5.351528131961823,5.598005795478821,4.605743582751975,2.100518409242021e-05,True,False
physics,W8A8,|Vag| 500hPa,BALANCE,5,120,2.5819884300231934,2.7261332273483276,5.582705005530926,9.123822476001495e-06,True,False
physics,W8A8,|Vag| 850hPa,BALANCE,6,120,2.5783519625663756,2.6765148878097533,3.8071964832012624,2.42273858252992e-06,True,False
physics,W8A8,Vag/Vg 50hPa,BALANCE,7,120,0.25039272867143153,0.2641645211726427,5.500076848989775,0.0,False,False
physics,W8A8,Vag/Vg 250hPa,BALANCE,8,120,0.20757332742214202,0.21611992716789247,4.117388227038064,7.750506096697867e-07,True,False
physics,W8A8,Vag/Vg 500hPa,BALANCE,9,120,0.16644311137497425,0.17450696863234044,4.844812855726658,5.431631778148894e-07,True,False
physics,W8A8,Vag/Vg 850hPa,BALANCE,10,120,0.2863327294588089,0.29371552541852,2.5783975075658114,1.6778073412306761e-07,True,False
physics,W8A8,HypsRel 600-500,BALANCE,11,120,0.0024162212527233753,0.002514289391705283,4.058740021071045,6.268103164260551e-09,True,False
physics,W8A8,|DryAir Md err|,CONSERVATION,12,120,54298166793164.8,51859420203724.8,-4.491397653865169,532388349.82127655,True,False
physics,W8A8,neg-q fraction,CONSERVATION,13,120,0.0055891772586619485,0.0065279449700028636,16.796169953029125,1.498344453408363e-07,True,False
physics,W8A8,|neg-q mass|,CONSERVATION,14,120,395305019980.8,435261743001.6,10.10782079689772,796408.374468085,True,False
physics,W8A8,SpecDivW1 Z500,SPECTRAL,15,120,0.10668702309374327,0.09734457011600982,-8.756878490764961,5.741047440145198e-07,True,False
physics,W8A8,SpecDivW1 T850,SPECTRAL,16,120,0.2363252797837613,0.21134685267251602,-10.56951128296586,6.705656936959199e-07,True,False
physics,W8A8,SpecDivW1 Q700,SPECTRAL,17,120,2.514150654791609,2.3167975483600753,-7.8496929392599,3.89930534098122e-06,True,False
physics,W8A8,SpecResLog Z500,SPECTRAL,18,120,0.9803284959163312,0.8892497044579024,-9.290640008714197,5.819765256058809e-06,True,False
physics,W8A8,SpecResLog T850,SPECTRAL,19,120,0.526553650798614,0.477787858644722,-9.261314982799925,1.4847145995831128e-06,True,False
physics,W8A8,SpecResLog Q700,SPECTRAL,20,120,0.853566316741545,0.7635499847560943,-10.545909581939046,1.7484622986846742e-06,True,False
physics,W8A8,|RQE| Z500,EXTREMES,21,120,0.003987607173621654,0.0036583288208930755,-8.257542390503803,3.4424790894573035e-07,True,False
physics,W8A8,|RQE| T850,EXTREMES,22,120,0.0022641459512669827,0.0022632074804278092,-0.041449220119767094,3.2266809981554106e-07,True,False
physics,W8A8,|RQE| Q700,EXTREMES,23,120,0.23378538824617862,0.20773267988115549,-11.14385657737914,2.491030287235341e-06,True,False
physics,W8A8,RMSE Z500,RMSE,0,168,477.04575747420046,474.5177007550268,-0.5299400905604709,0.001286153590425532,True,False
physics,W8A8,RMSE T850,RMSE,1,168,2.35859095132945,2.350378234495314,-0.3482043730179976,5.2857906260388965e-06,True,False
physics,W8A8,RMSE Q700,RMSE,2,168,0.0011939742757268242,0.0011975792486221253,0.30193053305998935,1.1824824391527379e-09,True,False
physics,W8A8,|Vag| 50hPa,BALANCE,3,168,4.301926904916764,4.557585382461548,5.942882880055145,0.0,False,False
physics,W8A8,|Vag| 250hPa,BALANCE,4,168,5.366492509841919,5.641970956325531,5.133305338233431,1.723715599547041e-05,True,False
physics,W8A8,|Vag| 500hPa,BALANCE,5,168,2.673031008243561,2.814178538322449,5.2804299554921945,7.949991429105718e-06,True,False
physics,W8A8,|Vag| 850hPa,BALANCE,6,168,2.5738034665584566,2.680913096666336,4.161531037608728,3.2039398842669545e-06,True,False
physics,W8A8,Vag/Vg 50hPa,BALANCE,7,168,0.2880367342382669,0.30218750461935995,4.912835308494841,0.0,False,False
physics,W8A8,Vag/Vg 250hPa,BALANCE,8,168,0.2138738863170147,0.22355621866881847,4.527122276841281,6.579338236058012e-07,True,False
physics,W8A8,Vag/Vg 500hPa,BALANCE,9,168,0.17948650047183037,0.18734547756612302,4.378589517113059,4.781053421345163e-07,True,False
physics,W8A8,Vag/Vg 850hPa,BALANCE,10,168,0.3020104058086872,0.3098287291824818,2.588759600140134,2.3600902963191906e-07,True,False
physics,W8A8,HypsRel 600-500,BALANCE,11,168,0.0027178606795670844,0.002887626669371185,6.246309499247106,6.923083792782102e-09,True,False
physics,W8A8,|DryAir Md err|,CONSERVATION,12,168,61224813831244.8,59606657030323.2,-2.642975453354178,677868757.5148935,True,False
physics,W8A8,neg-q fraction,CONSERVATION,13,168,0.008016498644428794,0.008793053499539382,9.686957979469867,2.597275368393735e-07,True,False
physics,W8A8,|neg-q mass|,CONSERVATION,14,168,640942483865.6,646375668736.0,0.8476868060971468,1965300.0170212765,True,False
physics,W8A8,SpecDivW1 Z500,SPECTRAL,15,168,0.16761684603118007,0.15762697554741623,-5.959944194335653,8.364450910688876e-07,True,False
physics,W8A8,SpecDivW1 T850,SPECTRAL,16,168,0.34187072099182514,0.318155712961889,-6.936835058917849,7.763147107935637e-07,True,False
physics,W8A8,SpecDivW1 Q700,SPECTRAL,17,168,3.363326323142431,3.1582851691261506,-6.096380021332741,5.7984310562185e-06,True,False
physics,W8A8,SpecResLog Z500,SPECTRAL,18,168,1.3497551466967934,1.2506284466241204,-7.344050535036828,7.900357517776777e-06,True,False
physics,W8A8,SpecResLog T850,SPECTRAL,19,168,0.7375037912703352,0.6881833599773198,-6.687481729153134,1.8566658550917109e-06,True,False
physics,W8A8,SpecResLog Q700,SPECTRAL,20,168,1.2646213667724404,1.1488005027767971,-9.15854081219904,2.838551224112969e-06,True,False
physics,W8A8,|RQE| Z500,EXTREMES,21,168,0.006353857653448358,0.005767217458924279,-9.232819281144877,2.823770046234131e-07,True,False
physics,W8A8,|RQE| T850,EXTREMES,22,168,0.0038568561161810067,0.003774821580009302,-2.1269794283364094,3.5228242384309464e-07,True,False
physics,W8A8,|RQE| Q700,EXTREMES,23,168,0.2938850261271,0.26077011302113534,-11.267982429170463,2.8692027355762237e-06,True,False
