# predicted distortion rebuilt from the RUN configs in harness_results.csv  lead=120 min_effect_frac=0.0 axes=balance|conservation|standard  n_tags=38 of 38
tag,floor,guide,lead,config,balance,conservation,standard
W4W8_rmse_span1,W4,rmse,120,bf16:cond_embed|dec2_mlp|decoder_heads|decoder_io|downsample|enc0_attn|enc0_mlp|encoder_io|upsample;W8:dec1_attn|dec1_mlp|enc1_attn|enc1_mlp,0.8831479700534249,4.346200159197967,0.13778139133491907
W4W8_rmseup_span1,W4,rmse,120,bf16:cond_embed|dec2_mlp|decoder_heads|decoder_io|downsample|enc0_attn|enc0_mlp|enc1_mlp|encoder_io|upsample;W8:dec1_attn|dec1_mlp|enc1_attn,0.8376715554542488,4.138320225232897,0.11492994087703982
W4W8_span1,W4,physics,120,bf16:cond_embed|dec2_attn|decoder_heads|decoder_io|downsample|enc0_attn|enc0_mlp|encoder_io|upsample;W8:dec0_attn|dec1_attn|dec1_mlp|dec2_mlp|enc1_attn,1.569826367645112,0.7724112681974208,1.0360488282539044
W8A8_knee,W8A8,physics,120,bf16:decoder_heads,10.260939182754926,4.964020050430987,1.4666242863459262
W8A8_rmseup_knee,W8A8,rmse,120,bf16:cond_embed|decoder_heads|downsample|film,9.55676546040849,4.026650689402142,1.3120299182840764
W8A8_rmseup_span1,W8A8,rmse,120,bf16:cond_embed|decoder_heads|downsample|enc0_attn|enc0_mlp|enc1_attn|enc1_mlp|encoder_io|film|upsample,6.35469359822949,1.9063844862833446,0.1869928729522618
W4W8_rmse_span2,W4,rmse,120,bf16:cond_embed|dec1_attn|dec1_mlp|dec2_mlp|decoder_heads|decoder_io|downsample|enc0_attn|enc0_mlp|enc1_attn|enc1_mlp|encoder_io|upsample,0.7235318319812021,3.9675422217392837,0.10138432630103386
W4W8_span2,W4,physics,120,bf16:cond_embed|dec1_attn|dec2_attn|decoder_heads|decoder_io|downsample|enc0_attn|enc0_mlp|enc1_attn|enc1_mlp|encoder_io|upsample;W8:dec0_attn|dec1_mlp|dec2_mlp|film,0.40892385601262227,0.25607606913632414,0.057577941323911114
W4W8_span3,W4,physics,120,bf16:cond_embed|dec1_attn|dec2_attn|decoder_heads|decoder_io|downsample|enc0_attn|enc0_mlp|enc1_attn|enc1_mlp|encoder_io|film|upsample;W8:dec0_attn|dec0_mlp|dec1_mlp|dec2_mlp,0.2298402086607689,0.11912629636668486,0.039664967876376946
W8A8_floor,W8A8,uniform,120,,16.75780560130847,6.032155529150896,1.4936012448657374
ceiling,bf16,uniform,120,,0.0,0.0,0.0
W8A8_span1,W8A8,physics,120,bf16:cond_embed|decoder_heads|decoder_io|downsample|enc0_attn|enc1_attn|encoder_io|film|upsample,1.036056598034807,0.9730163138347543,0.6888632676259061
W8A8_span2,W8A8,physics,120,bf16:cond_embed|dec0_mlp|dec2_attn|dec2_mlp|decoder_heads|decoder_io|downsample|enc0_attn|enc0_mlp|enc1_attn|encoder_io|film|upsample,0.1871622246885682,0.37883980966687725,0.572977751055617
W8A8_span3,W8A8,physics,120,bf16:cond_embed|dec0_mlp|dec1_mlp|dec2_attn|dec2_mlp|decoder_heads|decoder_io|downsample|enc0_attn|enc0_mlp|enc1_attn|enc1_mlp|encoder_io|film|upsample,0.10523998699361146,0.1013028199637305,0.013978621220004612
W8A8_rmse_knee,W8A8,rmse,120,bf16:cond_embed|film,16.38376290245321,5.606392689770118,1.4407050591175428
W8A8_rmse_span1,W8A8,rmse,120,bf16:cond_embed|decoder_heads|downsample|enc1_attn|enc1_mlp|encoder_io|film|upsample,7.007522567919603,2.9186851970878758,0.3123518527850467
W8A8_rmse_span2,W8A8,rmse,120,bf16:cond_embed|dec0_mlp|decoder_heads|decoder_io|downsample|enc0_attn|enc0_mlp|enc1_attn|enc1_mlp|encoder_io|film|upsample,0.19824673419027145,0.6285503515164319,0.026266306145675922
W8A8_rmse_span3,W8A8,rmse,120,bf16:cond_embed|dec0_attn|dec0_mlp|dec1_attn|dec2_attn|dec2_mlp|decoder_heads|decoder_io|downsample|enc0_attn|enc0_mlp|enc1_attn|enc1_mlp|enc2_mlp|encoder_io|film|upsample,0.030268820460531656,0.19478513497514427,0.005475866157502148
W8A8_probe_divergent,W8A8,probe,120,bf16:dec2_attn|upsample,16.324629905329196,5.6955100717848905,1.477862900327621
W8A8_probe_rmse_favoured,W8A8,probe,120,bf16:encoder_io|film,15.484578818745662,5.744615567997111,1.4011831336334035
W8A8_rand_0,W8A8,random,120,bf16:cond_embed|dec0_mlp|dec1_attn|dec2_attn|decoder_heads|downsample|enc1_attn|enc1_mlp|enc2_attn|enc2_mlp|film|upsample,8.014297088405202,2.6791594988971523,0.3636809768237279
W8A8_rand_1,W8A8,random,120,bf16:cond_embed|dec0_attn|dec1_attn|dec2_attn|dec2_mlp|decoder_heads|decoder_io|enc0_attn|enc1_attn|enc2_mlp,2.873632635184267,1.4498852437178806,0.8754772858111795
W8A8_rand_2,W8A8,random,120,bf16:cond_embed|dec0_attn|dec0_mlp|dec2_attn|decoder_heads|downsample|enc1_attn|enc1_mlp|enc2_attn|enc2_mlp|film|upsample,8.034457296886055,2.6873437482658558,0.3635593169946203
W8A8_rand_3,W8A8,random,120,bf16:dec0_attn|dec0_mlp|dec1_attn|dec2_mlp|decoder_io|downsample|enc0_attn|enc2_attn|encoder_io|film,8.82016246944126,2.8484825247252186,1.08835362720484
W4W8_floor,W4,uniform,120,,129.61732446313582,38.97685106572194,13.635298134342126
W4W8_knee,W4,physics,120,W8:decoder_heads,42.80101576960995,34.83198344099407,13.179841711879186
W4W8_rmse_span3,W4,rmse,120,bf16:cond_embed|dec0_attn|dec0_mlp|dec1_attn|dec1_mlp|dec2_attn|dec2_mlp|decoder_heads|decoder_io|downsample|enc0_attn|enc0_mlp|enc1_attn|enc1_mlp|enc2_attn|encoder_io|upsample;W8:enc2_mlp,0.04936420495376341,0.13112986210745006,0.005847547469269276
W8A8_protect_io,W8A8,protect_io,120,bf16:decoder_heads|decoder_io|encoder_io,2.991285434046447,3.605252783018006,1.2399990235372071
W4W8_protect_io,W4,protect_io,120,bf16:decoder_heads|decoder_io|encoder_io,19.11584172269627,19.540350048300187,4.205085987765846
W8A8_sq_floor,W8A8_sq,uniform,120,,10.609007021119785,5.2531968614585125,0.7591078428718222
W8A8_sq_knee,W8A8_sq,physics,120,bf16:decoder_heads|film,6.574363890663689,5.096604890203984,0.7457014198710807
W8A8_sq_span1,W8A8_sq,physics,120,bf16:cond_embed|dec2_mlp|decoder_heads|decoder_io|downsample|encoder_io|film|upsample,0.5317736551427152,0.5101515439825207,0.13126697289725714
W8A8_sq_span2,W8A8_sq,physics,120,bf16:cond_embed|dec0_mlp|dec2_mlp|decoder_heads|decoder_io|downsample|enc0_mlp|enc2_mlp|encoder_io|film|upsample,0.04837168292251872,0.24116254806446433,0.048947093611070906
W8A8_sq_span3,W8A8_sq,physics,120,bf16:cond_embed|dec0_mlp|dec1_mlp|dec2_attn|dec2_mlp|decoder_heads|decoder_io|downsample|enc0_attn|enc0_mlp|enc1_attn|enc1_mlp|encoder_io|film|upsample,0.05608723943026519,0.02709895902081839,0.03057435343035908
W8A8_sq_rmse_knee,W8A8_sq,rmse,120,bf16:cond_embed|decoder_heads|film,6.2612361562551895,5.03876952799848,0.7263930239078493
W8A8_sq_rmse_span1,W8A8_sq,rmse,120,bf16:cond_embed|dec0_mlp|decoder_heads|decoder_io|downsample|encoder_io|film|upsample,0.3629644800304058,0.7211233054868786,0.09748806752864456
W8A8_sq_rmse_span2,W8A8_sq,rmse,120,bf16:cond_embed|dec0_mlp|dec2_mlp|decoder_heads|decoder_io|downsample|enc0_attn|enc0_mlp|enc2_mlp|encoder_io|film|upsample,0.042072852495473455,0.21879226645667466,0.03765754051239314
W8A8_sq_rmse_span3,W8A8_sq,rmse,120,bf16:cond_embed|dec0_mlp|dec1_attn|dec2_attn|dec2_mlp|decoder_heads|decoder_io|downsample|enc0_attn|enc0_mlp|enc1_mlp|enc2_mlp|encoder_io|film|upsample,0.02611478575246242,0.1285836511927423,0.012802935439715227
