# leave-one-CONFIG-out Spearman rho, lead=120, n_configs=16, balance_source=harness_results.csv. INFLUENCE, not sampling uncertainty: the config set varies and the dates are held fixed -- this is unrelated to sampling uncertainty, which is not estimated anywhere in this driver any more.
var,lead,dropped,rho
Z500,120,W8A8_floor,0.24285714285714285
Z500,120,W8A8_knee,0.2857142857142857
Z500,120,W8A8_rmse_knee,0.25357142857142856
Z500,120,W8A8_probe_divergent,0.24285714285714285
Z500,120,W8A8_probe_rmse_favoured,0.18571428571428572
Z500,120,W8A8_rand_0,0.4
Z500,120,W8A8_rand_2,0.4
Z500,120,W8A8_rand_3,0.3
Z500,120,W8A8_rmse_span1,0.25
Z500,120,W8A8_rand_1,0.3142857142857143
Z500,120,W8A8_span1,0.36428571428571427
Z500,120,W8A8_span2,0.36428571428571427
Z500,120,W8A8_rmse_span2,0.225
Z500,120,W8A8_span3,0.225
Z500,120,W8A8_rmse_span3,0.225
Z500,120,ceiling,0.225
T850,120,W8A8_floor,0.2642857142857143
T850,120,W8A8_knee,0.32857142857142857
T850,120,W8A8_rmse_knee,0.26071428571428573
T850,120,W8A8_probe_divergent,0.2642857142857143
T850,120,W8A8_probe_rmse_favoured,0.20714285714285716
T850,120,W8A8_rand_0,0.4107142857142857
T850,120,W8A8_rand_2,0.4107142857142857
T850,120,W8A8_rand_3,0.3142857142857143
T850,120,W8A8_rmse_span1,0.25
T850,120,W8A8_rand_1,0.25
T850,120,W8A8_span1,0.35
T850,120,W8A8_span2,0.35
T850,120,W8A8_rmse_span2,0.20357142857142857
T850,120,W8A8_span3,0.21071428571428572
T850,120,W8A8_rmse_span3,0.21428571428571427
T850,120,ceiling,0.21071428571428572
T2M,120,W8A8_floor,0.02142857142857143
T2M,120,W8A8_knee,0.08928571428571429
T2M,120,W8A8_rmse_knee,0.225
T2M,120,W8A8_probe_divergent,-0.03214285714285714
T2M,120,W8A8_probe_rmse_favoured,0.0035714285714285713
T2M,120,W8A8_rand_0,0.18928571428571428
T2M,120,W8A8_rand_2,0.18928571428571428
T2M,120,W8A8_rand_3,0.10357142857142858
T2M,120,W8A8_rmse_span1,0.1357142857142857
T2M,120,W8A8_rand_1,0.08928571428571429
T2M,120,W8A8_span1,0.15
T2M,120,W8A8_span2,0.16428571428571428
T2M,120,W8A8_rmse_span2,0.11071428571428571
T2M,120,W8A8_span3,0.11071428571428571
T2M,120,W8A8_rmse_span3,0.11071428571428571
T2M,120,ceiling,0.11071428571428571
MSLP,120,W8A8_floor,0.2892857142857143
MSLP,120,W8A8_knee,0.35
MSLP,120,W8A8_rmse_knee,0.2857142857142857
MSLP,120,W8A8_probe_divergent,0.2892857142857143
MSLP,120,W8A8_probe_rmse_favoured,0.21785714285714286
MSLP,120,W8A8_rand_0,0.43214285714285716
MSLP,120,W8A8_rand_2,0.43214285714285716
MSLP,120,W8A8_rand_3,0.325
MSLP,120,W8A8_rmse_span1,0.275
MSLP,120,W8A8_rand_1,0.275
MSLP,120,W8A8_span1,0.37142857142857144
MSLP,120,W8A8_span2,0.37142857142857144
MSLP,120,W8A8_rmse_span2,0.22857142857142856
MSLP,120,W8A8_span3,0.23214285714285715
MSLP,120,W8A8_rmse_span3,0.22857142857142856
MSLP,120,ceiling,0.23214285714285715
Q700,120,W8A8_floor,0.725
Q700,120,W8A8_knee,0.8071428571428572
Q700,120,W8A8_rmse_knee,0.775
Q700,120,W8A8_probe_divergent,0.725
Q700,120,W8A8_probe_rmse_favoured,0.7321428571428571
Q700,120,W8A8_rand_0,0.7964285714285714
Q700,120,W8A8_rand_2,0.7857142857142857
Q700,120,W8A8_rand_3,0.7571428571428571
Q700,120,W8A8_rmse_span1,0.7464285714285714
Q700,120,W8A8_rand_1,0.7357142857142858
Q700,120,W8A8_span1,0.7714285714285715
Q700,120,W8A8_span2,0.8
Q700,120,W8A8_rmse_span2,0.7214285714285714
Q700,120,W8A8_span3,0.7107142857142857
Q700,120,W8A8_rmse_span3,0.7107142857142857
Q700,120,ceiling,0.7107142857142857
U500,120,W8A8_floor,0.5178571428571429
U500,120,W8A8_knee,0.5678571428571428
U500,120,W8A8_rmse_knee,0.5535714285714286
U500,120,W8A8_probe_divergent,0.5178571428571429
U500,120,W8A8_probe_rmse_favoured,0.46785714285714286
U500,120,W8A8_rand_0,0.5464285714285714
U500,120,W8A8_rand_2,0.5464285714285714
U500,120,W8A8_rand_3,0.5321428571428571
U500,120,W8A8_rmse_span1,0.5321428571428571
U500,120,W8A8_rand_1,0.5071428571428571
U500,120,W8A8_span1,0.6142857142857143
U500,120,W8A8_span2,0.6142857142857143
U500,120,W8A8_rmse_span2,0.40714285714285714
U500,120,W8A8_span3,0.4107142857142857
U500,120,W8A8_rmse_span3,0.4107142857142857
U500,120,ceiling,0.40714285714285714
V500,120,W8A8_floor,0.35
V500,120,W8A8_knee,0.3821428571428571
V500,120,W8A8_rmse_knee,0.3607142857142857
V500,120,W8A8_probe_divergent,0.3107142857142857
V500,120,W8A8_probe_rmse_favoured,0.3
V500,120,W8A8_rand_0,0.3964285714285714
V500,120,W8A8_rand_2,0.4928571428571429
V500,120,W8A8_rand_3,0.3821428571428571
V500,120,W8A8_rmse_span1,0.35714285714285715
V500,120,W8A8_rand_1,0.3357142857142857
V500,120,W8A8_span1,0.4607142857142857
V500,120,W8A8_span2,0.4357142857142857
V500,120,W8A8_rmse_span2,0.2785714285714286
V500,120,W8A8_span3,0.26071428571428573
V500,120,W8A8_rmse_span3,0.2642857142857143
V500,120,ceiling,0.26071428571428573
U10,120,W8A8_floor,0.375
U10,120,W8A8_knee,0.38571428571428573
U10,120,W8A8_rmse_knee,0.3464285714285714
U10,120,W8A8_probe_divergent,0.3464285714285714
U10,120,W8A8_probe_rmse_favoured,0.2714285714285714
U10,120,W8A8_rand_0,0.36428571428571427
U10,120,W8A8_rand_2,0.4857142857142857
U10,120,W8A8_rand_3,0.38571428571428573
U10,120,W8A8_rmse_span1,0.3464285714285714
U10,120,W8A8_rand_1,0.31785714285714284
U10,120,W8A8_span1,0.42142857142857143
U10,120,W8A8_span2,0.42142857142857143
U10,120,W8A8_rmse_span2,0.25
U10,120,W8A8_span3,0.2571428571428571
U10,120,W8A8_rmse_span3,0.25
U10,120,ceiling,0.2571428571428571
V10,120,W8A8_floor,0.22142857142857142
V10,120,W8A8_knee,0.2571428571428571
V10,120,W8A8_rmse_knee,0.21071428571428572
V10,120,W8A8_probe_divergent,0.175
V10,120,W8A8_probe_rmse_favoured,0.15
V10,120,W8A8_rand_0,0.34285714285714286
V10,120,W8A8_rand_2,0.34285714285714286
V10,120,W8A8_rand_3,0.2392857142857143
V10,120,W8A8_rmse_span1,0.2392857142857143
V10,120,W8A8_rand_1,0.2
V10,120,W8A8_span1,0.31785714285714284
V10,120,W8A8_span2,0.29285714285714287
V10,120,W8A8_rmse_span2,0.14285714285714285
V10,120,W8A8_span3,0.14285714285714285
V10,120,W8A8_rmse_span3,0.14285714285714285
V10,120,ceiling,0.14285714285714285
