model,scheme,lead,pair,rho,p_perm,n_groups,n_nonzero_x,n_nonzero_y,source
aurora,W8,24,balance_vs_standard,0.4614,0.0477,19,19,19,ablation_analysis_ablations_W8/sensitivity.csv
aurora,W8,24,conservation_vs_standard,0.7491,0.0006,19,19,19,ablation_analysis_ablations_W8/sensitivity.csv
aurora,W8,24,balance_vs_conservation,0.6912,0.0022,19,19,19,ablation_analysis_ablations_W8/sensitivity.csv
aurora,W8,72,balance_vs_standard,0.2246,0.3466,19,19,19,ablation_analysis_ablations_W8/sensitivity.csv
aurora,W8,72,conservation_vs_standard,0.7368,0.0003,19,19,19,ablation_analysis_ablations_W8/sensitivity.csv
aurora,W8,72,balance_vs_conservation,0.4649,0.0458,19,19,19,ablation_analysis_ablations_W8/sensitivity.csv
aurora,W8,120,balance_vs_standard,0.2018,0.3996,19,19,19,ablation_analysis_ablations_W8/sensitivity.csv
aurora,W8,120,conservation_vs_standard,0.8982,0.0001,19,19,19,ablation_analysis_ablations_W8/sensitivity.csv
aurora,W8,120,balance_vs_conservation,0.2561,0.2859,19,19,19,ablation_analysis_ablations_W8/sensitivity.csv
aurora,W8,168,balance_vs_standard,0.0789,0.7495,19,19,19,ablation_analysis_ablations_W8/sensitivity.csv
aurora,W8,168,conservation_vs_standard,0.6082,0.0094,19,19,19,ablation_analysis_ablations_W8/sensitivity.csv
aurora,W8,168,balance_vs_conservation,0.1896,0.4313,19,19,19,ablation_analysis_ablations_W8/sensitivity.csv
aurora,W4,24,balance_vs_standard,0.7649,0.0002,19,19,19,ablation_analysis_ablations_W4/sensitivity.csv
aurora,W4,24,conservation_vs_standard,0.6842,0.0024,19,19,19,ablation_analysis_ablations_W4/sensitivity.csv
aurora,W4,24,balance_vs_conservation,0.6649,0.0026,19,19,19,ablation_analysis_ablations_W4/sensitivity.csv
aurora,W4,72,balance_vs_standard,0.7158,0.0010,19,19,19,ablation_analysis_ablations_W4/sensitivity.csv
aurora,W4,72,conservation_vs_standard,0.7509,0.0004,19,18,19,ablation_analysis_ablations_W4/sensitivity.csv
aurora,W4,72,balance_vs_conservation,0.7719,0.0003,19,19,18,ablation_analysis_ablations_W4/sensitivity.csv
aurora,W4,120,balance_vs_standard,0.7404,0.0005,19,19,19,ablation_analysis_ablations_W4/sensitivity.csv
aurora,W4,120,conservation_vs_standard,0.7789,0.0002,19,18,19,ablation_analysis_ablations_W4/sensitivity.csv
aurora,W4,120,balance_vs_conservation,0.7456,0.0002,19,19,18,ablation_analysis_ablations_W4/sensitivity.csv
aurora,W4,168,balance_vs_standard,0.8088,0.0001,19,19,19,ablation_analysis_ablations_W4/sensitivity.csv
aurora,W4,168,conservation_vs_standard,0.8088,0.0001,19,19,19,ablation_analysis_ablations_W4/sensitivity.csv
aurora,W4,168,balance_vs_conservation,0.7965,0.0001,19,19,19,ablation_analysis_ablations_W4/sensitivity.csv
aurora,W8A8,24,balance_vs_standard,0.7158,0.0005,19,19,19,ablation_analysis_ablations_W8A8/sensitivity.csv
aurora,W8A8,24,conservation_vs_standard,0.7719,0.0003,19,19,19,ablation_analysis_ablations_W8A8/sensitivity.csv
aurora,W8A8,24,balance_vs_conservation,0.5211,0.0245,19,19,19,ablation_analysis_ablations_W8A8/sensitivity.csv
aurora,W8A8,72,balance_vs_standard,0.6368,0.0038,19,19,19,ablation_analysis_ablations_W8A8/sensitivity.csv
aurora,W8A8,72,conservation_vs_standard,0.7012,0.0015,19,19,19,ablation_analysis_ablations_W8A8/sensitivity.csv
aurora,W8A8,72,balance_vs_conservation,0.4660,0.0464,19,19,19,ablation_analysis_ablations_W8A8/sensitivity.csv
aurora,W8A8,120,balance_vs_standard,0.6316,0.0041,19,19,19,ablation_analysis_ablations_W8A8/sensitivity.csv
aurora,W8A8,120,conservation_vs_standard,0.6526,0.0028,19,19,19,ablation_analysis_ablations_W8A8/sensitivity.csv
aurora,W8A8,120,balance_vs_conservation,0.5368,0.0207,19,19,19,ablation_analysis_ablations_W8A8/sensitivity.csv
aurora,W8A8,168,balance_vs_standard,0.6561,0.0027,19,19,19,ablation_analysis_ablations_W8A8/sensitivity.csv
aurora,W8A8,168,conservation_vs_standard,0.5143,0.0279,19,19,19,ablation_analysis_ablations_W8A8/sensitivity.csv
aurora,W8A8,168,balance_vs_conservation,0.4502,0.0551,19,19,19,ablation_analysis_ablations_W8A8/sensitivity.csv
aurora,W8A8_sq,24,balance_vs_standard,0.9211,0.0001,19,19,19,ablation_analysis_ablations_W8A8_sq/sensitivity.csv
aurora,W8A8_sq,24,conservation_vs_standard,0.6277,0.0040,19,19,19,ablation_analysis_ablations_W8A8_sq/sensitivity.csv
aurora,W8A8_sq,24,balance_vs_conservation,0.6102,0.0061,19,19,19,ablation_analysis_ablations_W8A8_sq/sensitivity.csv
aurora,W8A8_sq,72,balance_vs_standard,0.7719,0.0002,19,19,19,ablation_analysis_ablations_W8A8_sq/sensitivity.csv
aurora,W8A8_sq,72,conservation_vs_standard,0.5930,0.0070,19,19,19,ablation_analysis_ablations_W8A8_sq/sensitivity.csv
aurora,W8A8_sq,72,balance_vs_conservation,0.7246,0.0005,19,19,19,ablation_analysis_ablations_W8A8_sq/sensitivity.csv
aurora,W8A8_sq,120,balance_vs_standard,0.7737,0.0002,19,19,19,ablation_analysis_ablations_W8A8_sq/sensitivity.csv
aurora,W8A8_sq,120,conservation_vs_standard,0.5544,0.0142,19,19,19,ablation_analysis_ablations_W8A8_sq/sensitivity.csv
aurora,W8A8_sq,120,balance_vs_conservation,0.7351,0.0005,19,19,19,ablation_analysis_ablations_W8A8_sq/sensitivity.csv
aurora,W8A8_sq,168,balance_vs_standard,0.8404,0.0001,19,19,19,ablation_analysis_ablations_W8A8_sq/sensitivity.csv
aurora,W8A8_sq,168,conservation_vs_standard,0.6933,0.0010,19,18,19,ablation_analysis_ablations_W8A8_sq/sensitivity.csv
aurora,W8A8_sq,168,balance_vs_conservation,0.7565,0.0003,19,19,18,ablation_analysis_ablations_W8A8_sq/sensitivity.csv
